-- phpMyAdmin SQL Dump
-- version 4.6.0deb1.trusty~ppa.1
-- http://www.phpmyadmin.net
--
-- Host: localhost
-- Generation Time: Jun 11, 2016 at 05:24 PM
-- Server version: 5.6.28-0ubuntu0.14.04.1
-- PHP Version: 5.5.9-1ubuntu4.14

SET SQL_MODE = "NO_AUTO_VALUE_ON_ZERO";
SET time_zone = "+00:00";


/*!40101 SET @OLD_CHARACTER_SET_CLIENT=@@CHARACTER_SET_CLIENT */;
/*!40101 SET @OLD_CHARACTER_SET_RESULTS=@@CHARACTER_SET_RESULTS */;
/*!40101 SET @OLD_COLLATION_CONNECTION=@@COLLATION_CONNECTION */;
/*!40101 SET NAMES utf8mb4 */;

--
-- Database: `pika`
--

-- --------------------------------------------------------

--
-- Table structure for table `calendar`
--

CREATE TABLE `calendar` (
  `id` int(11) NOT NULL,
  `c_date` date DEFAULT NULL COMMENT 'use the DATE()/MONTH()/YEAR()/MONTH_YEAR()  functions to get specific dates,months years or combinations',
  `dayofweek` varchar(10) DEFAULT NULL COMMENT 'Sun through Saturday: use IN parameter to ge the weekday or weekend dates',
  `holiday` varchar(50) DEFAULT NULL COMMENT 'Country specific - use a different table to get all holidays for all countries if need be',
  `weeknumber` int(11) DEFAULT NULL COMMENT 'week number t ohelp organise calenda',
  `notes` varchar(5000) DEFAULT NULL COMMENT 'Calendar notes by system/application/DB or super user'
) ENGINE=InnoDB DEFAULT CHARSET=utf16 COMMENT='Contains all dates between now and 2020. and has columns to help calendar creation be very simple i any language\r\nautogenerated';

-- --------------------------------------------------------

--
-- Table structure for table `goout`
--

CREATE TABLE `goout` (
  `id` int(11) NOT NULL,
  `menu_id` int(11) DEFAULT NULL
) ENGINE=InnoDB DEFAULT CHARSET=utf16 COMMENT='holds userdata for going out';

-- --------------------------------------------------------

--
-- Table structure for table `groceryList`
--

CREATE TABLE `groceryList` (
  `groceryListID` int(11) NOT NULL,
  `userID` int(11) DEFAULT NULL,
  `recipeID` int(11) DEFAULT NULL,
  `active` smallint(2) DEFAULT '1' COMMENT 'a status to indicate whether the list is active or not',
  `dateCreated` timestamp NULL DEFAULT NULL,
  `dateModified` timestamp NULL DEFAULT CURRENT_TIMESTAMP
) ENGINE=InnoDB DEFAULT CHARSET=latin1;

--
-- Dumping data for table `groceryList`
--

INSERT INTO `groceryList` (`groceryListID`, `userID`, `recipeID`, `active`, `dateCreated`, `dateModified`) VALUES
(1, 1278, 1, 1, '2016-03-25 21:07:08', '2016-03-25 21:07:08'),
(3, 1278, 1, 1, NULL, '2016-03-26 12:42:20'),
(7, 1278, 7, 1, '2016-03-26 12:43:51', '2016-03-26 12:43:51'),
(10, 1278, 12, 1, '2016-03-26 13:03:49', '2016-03-26 13:03:49'),
(11, 1278, 12, 1, '2016-03-26 13:04:22', '2016-03-26 13:04:22'),
(12, 1278, 12, 1, '2016-03-26 13:07:00', '2016-03-26 13:07:00'),
(13, 1278, 12, 1, '2016-03-26 13:07:25', '2016-03-26 13:07:25'),
(14, 1278, 12, 1, '2016-03-26 13:21:07', '2016-03-26 13:21:07'),
(15, 1278, 12, 1, '2016-03-26 13:25:45', '2016-03-26 13:25:45'),
(16, 1278, 12, 1, '2016-03-26 13:37:45', '2016-03-26 13:37:45'),
(17, 1278, 12, 1, '2016-03-26 13:47:20', '2016-03-26 13:47:20'),
(18, 1278, 14, 1, '2016-03-26 13:51:54', '2016-03-26 13:51:54'),
(19, 1278, 14, 1, '2016-03-26 13:54:15', '2016-03-26 13:54:15'),
(20, 1278, 14, 1, '2016-03-26 13:55:06', '2016-03-26 13:55:06'),
(21, 1278, 14, 1, '2016-03-26 14:07:07', '2016-03-26 14:07:07'),
(22, 1278, 14, 1, '2016-03-26 14:12:24', '2016-03-26 14:12:24'),
(23, 1278, 14, 1, '2016-04-15 10:37:45', '2016-04-15 10:37:45');

-- --------------------------------------------------------

--
-- Table structure for table `groceryListItems`
--

CREATE TABLE `groceryListItems` (
  `groceryListItemID` int(11) NOT NULL,
  `groceryListID` int(11) NOT NULL,
  `ingredientID` int(11) DEFAULT NULL,
  `quantity` decimal(10,2) DEFAULT NULL,
  `quantityType` varchar(45) DEFAULT NULL,
  `shopped` smallint(1) DEFAULT '0' COMMENT 'indicates whether the user has shopped for the item or not',
  `dateCreated` timestamp NULL DEFAULT NULL,
  `dateModified` timestamp NULL DEFAULT CURRENT_TIMESTAMP
) ENGINE=InnoDB DEFAULT CHARSET=latin1;

--
-- Dumping data for table `groceryListItems`
--

INSERT INTO `groceryListItems` (`groceryListItemID`, `groceryListID`, `ingredientID`, `quantity`, `quantityType`, `shopped`, `dateCreated`, `dateModified`) VALUES
(2, 1, 2, '300.00', 'grams', 1, '2016-03-25 22:18:16', '2016-03-25 22:18:19'),
(4, 1, 3, '1.00', 'litres', 1, '2016-03-25 22:18:16', '2016-03-25 22:18:19'),
(5, 7, 2, '12.00', 'litres', 0, '2016-03-26 12:47:09', '2016-03-26 12:47:09'),
(6, 7, 2, '12.00', 'litres', 0, '2016-03-26 12:47:31', '2016-03-26 12:47:31'),
(7, 7, 2, '12.00', 'litres', 0, '2016-03-26 12:49:38', '2016-03-26 12:49:38'),
(9, 17, 1, '1.00', 'Kg', 0, '2016-03-26 13:47:20', '2016-03-26 13:47:20'),
(10, 22, 1, '2.00', 'litre', 0, '2016-03-26 14:12:24', '2016-03-26 14:12:24'),
(11, 22, 1, '1.00', 'Kg', 0, '2016-03-26 14:12:24', '2016-03-26 14:12:24'),
(12, 23, 1, '2.00', 'litre', 0, '2016-04-15 10:37:45', '2016-04-15 10:37:45'),
(13, 23, 1, '1.00', 'Kg', 0, '2016-04-15 10:37:45', '2016-04-15 10:37:45');

-- --------------------------------------------------------

--
-- Table structure for table `inventoryCategory`
--

CREATE TABLE `inventoryCategory` (
  `categoryID` int(11) NOT NULL,
  `category` varchar(45) DEFAULT NULL,
  `description` varchar(1000) DEFAULT NULL,
  `dateCreated` timestamp NULL DEFAULT NULL,
  `insertedBy` int(11) DEFAULT '4',
  `dateModified` timestamp NULL DEFAULT CURRENT_TIMESTAMP,
  `updatedBy` int(11) DEFAULT '4'
) ENGINE=InnoDB DEFAULT CHARSET=latin1 COMMENT='increased the description to 1000 words';

--
-- Dumping data for table `inventoryCategory`
--

INSERT INTO `inventoryCategory` (`categoryID`, `category`, `description`, `dateCreated`, `insertedBy`, `dateModified`, `updatedBy`) VALUES
(1, 'Fridge', 'contains coool items,frozen foods etc', '2016-03-27 18:45:21', 1278, '2016-03-27 18:45:21', 4),
(2, 'Don\'t know', 'A category we dont know.occurs if we cant march the item our self ', '2016-03-27 19:05:26', 1278, '2016-03-27 19:05:36', 4),
(3, 'Spice rack', 'contains spices and other stuff', '2016-03-27 19:55:52', 1278, '2016-03-27 19:56:00', 4),
(4, 'Bar', 'For the alcoholic stuff', '2016-04-15 17:49:29', 1278, '2016-04-15 17:49:38', 4),
(5, 'Pantry', 'for the groceries', '2016-04-15 19:26:02', 4, '2016-04-15 19:26:11', 4),
(6, 'Shelf', 'for stuff that you add to shelf', '2016-04-15 19:26:33', 4, '2016-04-15 19:26:37', 4);

-- --------------------------------------------------------

--
-- Table structure for table `kitchenInventory`
--

CREATE TABLE `kitchenInventory` (
  `inventoryID` int(11) NOT NULL,
  `userID` int(11) DEFAULT NULL,
  `categoryID` int(11) DEFAULT NULL,
  `item` varchar(50) DEFAULT NULL,
  `quantity` decimal(10,2) DEFAULT NULL,
  `quantitytype` varchar(50) DEFAULT NULL,
  `dateCreated` timestamp NULL DEFAULT NULL,
  `dateModified` timestamp NULL DEFAULT CURRENT_TIMESTAMP
) ENGINE=InnoDB DEFAULT CHARSET=utf16;

--
-- Dumping data for table `kitchenInventory`
--

INSERT INTO `kitchenInventory` (`inventoryID`, `userID`, `categoryID`, `item`, `quantity`, `quantitytype`, `dateCreated`, `dateModified`) VALUES
(99, 1278, 1, 'chicken', NULL, NULL, NULL, NULL),
(100, 1278, 1, 'milk', NULL, NULL, NULL, NULL),
(115, 1278, 1, 'Yoghurt', NULL, NULL, NULL, '2016-03-27 20:34:49'),
(120, 1278, 1, 'Fish ', NULL, NULL, '2016-04-03 14:03:14', '2016-04-03 14:03:14'),
(124, 1278, 5, 'Curry powder', NULL, NULL, '2016-05-01 15:52:12', '2016-05-01 15:52:12'),
(128, 1278, 3, 'Tamaric powder', NULL, NULL, '2016-05-01 17:02:04', '2016-05-01 17:02:04'),
(131, 40, 1, 'yogurt', NULL, NULL, '2016-05-04 00:54:04', '2016-05-04 00:54:04'),
(133, 40, 1, 'milk', NULL, NULL, '2016-05-04 00:54:28', '2016-05-04 00:54:28'),
(134, 16, 1, 'Milk', NULL, NULL, '2016-05-05 08:28:53', '2016-05-05 08:28:53'),
(135, 16, 5, 'Onions ', NULL, NULL, '2016-05-05 08:29:12', '2016-05-05 08:29:12'),
(136, 1351, 3, 'Coriander ', NULL, NULL, '2016-05-06 08:54:00', '2016-05-06 08:54:00'),
(137, 1356, 3, 'alex', NULL, NULL, '2016-05-06 12:35:50', '2016-05-06 12:35:50'),
(138, 1, 1, 'Meat', NULL, NULL, '2016-05-14 09:59:42', '2016-05-14 09:59:42'),
(140, 1278, 1, 'beef', NULL, NULL, '2016-05-21 19:43:57', '2016-05-21 19:43:57'),
(141, 1497, 5, 'Raw Banana', NULL, NULL, '2016-05-31 07:51:25', '2016-05-31 07:51:25'),
(142, 1497, 1, 'Potatoes ', NULL, NULL, '2016-05-31 07:51:37', '2016-05-31 07:51:37'),
(143, 1497, 1, 'Beef', NULL, NULL, '2016-05-31 07:52:51', '2016-05-31 07:52:51'),
(144, 1497, 5, 'Onions', NULL, NULL, '2016-05-31 07:53:50', '2016-05-31 07:53:50'),
(145, 1497, 5, 'Tomatoes ', NULL, NULL, '2016-05-31 07:54:03', '2016-05-31 07:54:03'),
(146, 1497, 1, 'Dhania', NULL, NULL, '2016-05-31 07:57:24', '2016-05-31 07:57:24'),
(147, 1523, 1, 'matoke', NULL, NULL, '2016-05-31 17:01:56', '2016-05-31 17:01:56'),
(148, 1546, 5, 'Wheat flour', NULL, NULL, '2016-06-01 12:36:07', '2016-06-01 12:36:07'),
(149, 1546, 5, 'Baking Powder', NULL, NULL, '2016-06-01 12:36:21', '2016-06-01 12:36:21'),
(150, 1546, 1, 'Eggs', NULL, NULL, '2016-06-01 12:36:31', '2016-06-01 12:36:31'),
(151, 1546, 1, 'Milk', NULL, NULL, '2016-06-01 12:36:39', '2016-06-01 12:36:39'),
(152, 1546, 3, 'Cardamom', NULL, NULL, '2016-06-01 12:37:23', '2016-06-01 12:37:23'),
(153, 16, 1, '', NULL, NULL, '2016-06-01 18:52:17', '2016-06-01 18:52:17'),
(154, 1579, 1, 'Minced meat ', NULL, NULL, '2016-06-02 07:03:39', '2016-06-02 07:03:39'),
(155, 1278, 1, 'ice cream', NULL, NULL, '2016-06-05 16:48:32', '2016-06-05 16:48:32'),
(156, 1636, 1, 'Tomatoes ', NULL, NULL, '2016-06-07 08:40:27', '2016-06-07 08:40:27'),
(157, 1636, 1, 'Onion ', NULL, NULL, '2016-06-07 08:40:49', '2016-06-07 08:40:49'),
(158, 1636, 1, 'Eggs ', NULL, NULL, '2016-06-07 08:40:58', '2016-06-07 08:40:58'),
(159, 1636, 1, 'Sweet potato ', NULL, NULL, '2016-06-07 08:41:12', '2016-06-07 08:41:12');

-- --------------------------------------------------------

--
-- Table structure for table `l_equipment`
--

CREATE TABLE `l_equipment` (
  `id` int(11) NOT NULL,
  `name` varchar(150) DEFAULT NULL,
  `keywords` varchar(5000) NOT NULL DEFAULT '0' COMMENT 'to be used in search - inflectional modes'
) ENGINE=InnoDB DEFAULT CHARSET=utf16 COMMENT='All equipment used in a recipe like cooking utensils etc';

-- --------------------------------------------------------

--
-- Table structure for table `l_ingredients`
--

CREATE TABLE `l_ingredients` (
  `id` int(11) NOT NULL,
  `name` varchar(150) DEFAULT NULL,
  `keywords` varchar(5000) DEFAULT NULL COMMENT 'To use as inflections'
) ENGINE=InnoDB DEFAULT CHARSET=utf16 COMMENT='a list of all ingredients opsiible';

--
-- Dumping data for table `l_ingredients`
--

INSERT INTO `l_ingredients` (`id`, `name`, `keywords`) VALUES
(1, 'potato(es),boiled,peeled and cubed', 'potato'),
(2, 'strawberry(s)', 'strawberry'),
(3, 'milk', 'milk'),
(4, 'dry mixed beans(soaked overnight,then boiled untill tender)', 'beans'),
(5, 'steak,cubed', 'meat'),
(6, 'fresh maize/corn kernels', 'corn,maize'),
(7, 'stock cube(to be used if you are not using meat)', 'royco,cube'),
(8, 'onion,chopped finely', 'onion'),
(9, 'tomato(es),chopped', 'tomato'),
(10, 'green chillies,chopped', 'chilli'),
(11, 'tomato paste/puree', 'tomato paste'),
(12, 'cumin powder', 'cumin'),
(13, 'red chilli powder', 'red chilli'),
(14, 'tumeric powder', 'tumeric'),
(15, 'salt', 'salt'),
(16, 'lemon juice', 'lemon'),
(17, 'chicken', 'chicken'),
(18, 'rice', NULL),
(19, '1', '1'),
(20, '2', '22'),
(21, 'Test', '123456'),
(22, 'test123', 'test'),
(25, 'wow', 'abc'),
(26, 'flour', 'Flour'),
(27, 'egg', 'Egg'),
(28, 'baking powder', 'Baking powder'),
(29, 'cabbage', 'quarter'),
(30, 'mince meat', 'meat'),
(31, '2eeass', 'xxz'),
(32, NULL, NULL),
(33, 'spinach bunch\n', 'spinach'),
(34, 'whole cream', 'cup whole cream'),
(36, 'tomatoes', 'grated'),
(37, 'red onion', 'finely diced'),
(38, 'tomato paste', '-'),
(39, 'Minced beed', '-'),
(40, 'Pork sausages', '-'),
(41, 'Fresh coriander', 'finely chopped'),
(42, 'garlic', 'minced'),
(43, 'cheddar cheese', 'As per your preference'),
(45, 'bread crumbs', '-'),
(46, 'ground nutmeg', '-'),
(47, 'black pepper', 'heaped'),
(48, 'Royco', '-'),
(49, 'salt to taste', 'as per your preference'),
(50, 'Coconut milk/ Yogurt', 'Coconut milk, Yogurt'),
(51, 'Grapes (washed)', 'Grapes'),
(52, 'Oats', 'Oats'),
(53, 'Self-raising flour', 'Self-raising flour'),
(58, 'Vanilla pod or 1/2 tsp extract or 1 tsp essence', 'Vanilla pod, Essence, Extract'),
(59, 'Heaped Sugar', 'Heaped sugar'),
(60, 'Cinnamon', 'Cinnamon'),
(61, 'Pinch of Salt', 'Salt'),
(62, 'Raisins', 'Raisins'),
(63, 'Feta cheese', 'Feta cheese'),
(64, 'Sun-dried tomatoes', 'Sun-dried tomatoes'),
(65, 'Red Capsicum', 'Red Capsicum'),
(66, 'Yellow Capsicum', 'Yellow Capsicum'),
(67, 'Green Capsicum', 'Green Capsicum'),
(68, 'Olives', 'Olives'),
(69, 'Choice of Salad dressing i.e. Herb vinaigrette, Honey Mustard etc', 'Salad dressing, Herb vinaigrette, Honey Mustard'),
(71, 'Vegetable oil', 'Vegetable oil'),
(72, 'Onion', 'Onion'),
(73, 'Garlic clove ( chopped )', 'Garlic clove'),
(74, 'Ginger ( thinly sliced )', 'Ginger'),
(75, 'Fresh chilli ( optional )', 'Fresh chilli'),
(76, 'Mushrooms quartered', 'Mushrooms'),
(77, 'Can of Chick peas', 'Can, Chick peas'),
(78, 'Can of Chick peas ( liquid drained ) ', 'Can, Chick peas'),
(79, 'Tomato paste ( optional )', 'Tomato paste'),
(80, 'Tinned tomatoes', 'Tinned tomatoes'),
(81, 'Cabbage roughly chopped', 'Cabbage'),
(82, 'Frozen ( cooked ) peas', 'Frozen cooked peas'),
(83, 'Chicken stock ( 1 Chicken cube mixed with Hot water )', 'Chicken stock, chicken cube'),
(84, 'Salt and Black pepper to taste', 'Salt, Black pepper'),
(85, 'Handfuls of Dhania ( cilantro ) ', 'Dhania, Cilantro'),
(86, 'Large Onion', 'Onion'),
(87, 'Garlic cloves', 'Garlic cloves\r\n'),
(88, 'Oil', 'Oil'),
(89, 'Boiled Lentils ( Dal )', 'Lentils'),
(90, 'Tomatoes ( chopped or grated )', 'Tomatoes'),
(92, 'Curry powder', 'Curry powder'),
(93, 'Royco ( optional )', 'Royco'),
(94, 'Water or Stock ( use vegetable/ chicken/ beef cube + hot water )', 'Water, Vegetable stock, Chicken stock, Beef stock, Chicken cube, Beef cubes'),
(96, 'Handful of fresh Dhania', 'Dhania, Cilantro, Coriander'),
(97, 'Avocado ', 'Avocado'),
(98, 'an Avocado ', NULL),
(99, 'Ripe tomato, diced', 'Tomato'),
(100, 'a Lime, squeezed', 'Lime'),
(101, 'White pepper', 'White pepper'),
(102, 'Small red onion, finely diced', 'Red onion'),
(103, 'Cloves of Garlic', 'Garlic'),
(105, 'Pork', 'Pork'),
(106, 'A large pinch of Salt', 'Salt'),
(107, 'Maize flour', 'Maize flour'),
(108, 'Bicarbonate of Soda', 'Bicarbonate of Soda'),
(109, 'Cloves of Garlic, finely diced', 'Garlic'),
(110, 'Fresh Pineapple minced.', 'Fresh Pineapple'),
(111, 'Large Passiom fruits', 'Passion fruit'),
(112, 'Worcestershire Sauce', 'Worcestershire Sauce'),
(113, 'Sugar', 'Sugar'),
(114, 'Apple Cider Vinegar', 'Apple Cider Vinegar'),
(116, 'Large Tomatoes, pureed', 'Tomatoes'),
(117, ' Fresh Pineapple minced.', NULL),
(118, '  Fresh Pineapple minced.', NULL),
(119, 'Ripe Pineapple, cubbed', 'Pineapple'),
(120, 'Fresh Coriander, finely chopped', 'Coriander'),
(121, 'Cayenne Pepper', 'Cayenne Pepper'),
(122, 'Red Onion, finely chopped', 'Red Onion'),
(123, 'Kunde, picked and boiled', 'Kunde'),
(124, 'Red Onions, chopped', 'Red Onion, Onion'),
(125, 'Cloves of Garlic, minced', 'Garlic'),
(126, 'Size of thumb sized Garlic', 'Garlic'),
(127, 'Green bell Pepper, finely chopped', 'Green bell pepper'),
(128, 'Cream', 'Cream'),
(129, 'Penne Pasta', 'Penne Pasta'),
(130, 'Large Cloves of Garlic, minced', 'Garlic'),
(131, 'Broccoli', 'Broccoli'),
(132, 'Diced Red Onion', 'Red Onion'),
(133, 'Ground Coriander Spice', 'Ground coriander spice'),
(136, ' Salt to taste', NULL),
(138, 'Red Onion, finely diced', 'Red Onion'),
(139, 'Thumb sized Ginger root, finely diced', 'Ginger root'),
(140, 'Dried basil', 'Dried basil'),
(141, ' Dried Basil', NULL),
(143, 'Small ripe Tomatoes', 'Tomatoes'),
(145, 'Lemons', 'Lemons'),
(146, 'Freshly ground cinnamon / 1 large cinnamon stick', 'Ground cinnamon, cinnamon stick'),
(147, 'Honey', 'Honey'),
(148, 'Lemon to garnish', 'Lemon'),
(150, 'Custard Powder', 'Custard Powder'),
(152, 'Cabbage, finely chopped', 'Cabbage'),
(153, 'Carrots, grated', 'Carrots'),
(154, 'Peas, boiled', 'Peas, Canned peas'),
(155, 'Broccoli, chopped', 'Broccoli'),
(156, 'small Onions, sliced', 'Onions'),
(157, 'Tilapia fillet', 'Tilapia fillet, Fish'),
(158, 'Lemon, squeezed', 'Lemon'),
(159, 'Soy sauce', 'Soy sauce'),
(164, 'large Tomato, grated', 'Tomato'),
(165, 'small Onion, finely diced ', 'Onion'),
(167, 'Tamarind seeds ( optional )', 'Tamarind seeds'),
(168, 'Beef frankfurters', 'Beef frankfurters'),
(169, 'Green Bell Pepper', 'Green Bell Pepper'),
(172, 'Ground Coriander', 'Ground Coriander, Coriander'),
(174, 'Freshly squeezed Lemon juice', 'Lemon juice'),
(175, 'Plain Yogurt', 'Plain Yogurt'),
(177, 'Finely chopped Spring Onion', 'Spring Onion'),
(179, ' Milk', NULL),
(180, ' Small Onions, sliced', NULL),
(181, ' Large Tilapia fillet', NULL),
(184, 'Eggs', 'Eggs'),
(185, 'Tomato,diced', 'Tomato'),
(186, 'Fresh Coriander, chopped', 'Coriander'),
(188, 'Sesame Seeds', 'Sesame Seeds'),
(189, ' Avocado, diced ', NULL),
(191, 'French Beans', 'French Beans'),
(192, 'Small Carrots', 'Carrots'),
(194, 'Small Onion, diced', 'Onion'),
(195, 'Tomatoes, grated', 'Tomatoes'),
(200, 'Large Onion, diced', 'Onion'),
(201, 'Carrots, cubbed', 'Carrots'),
(202, 'Beef cubes', 'Beef cubes'),
(204, 'Ground Cumin', 'Cumin'),
(207, 'Can of Peas, boiled', 'Peas'),
(208, 'Large Potatoes, cubed', 'Potatoes'),
(209, 'Green bell Pepper, finely diced', 'Green bell pepper'),
(210, 'Fresh Coriander for garnish', 'Coriander\r\n'),
(213, 'Mala ( or Buttermilk )', 'Mala, Buttermilk'),
(215, 'Baking Soda', 'Baking soda'),
(216, 'A handful of Sprinkles', 'Sprinkles'),
(218, 'Margarine / Butter', 'Margarine, Butter'),
(220, 'Orange Zest ', 'Orange Zest'),
(221, 'Freshly squeezed Orange juice', 'Orange Juice'),
(223, 'Icing Sugar ( granulated sugar )', 'Icing Sugar, Granulated Sugar'),
(224, 'Heavy Cream', 'Heavy Cream'),
(225, 'Sweet Corn', 'Sweet corn'),
(228, 'Tomatoes, diced', 'Tomatoes'),
(229, 'White Vinegar', 'White Vinegar'),
(230, 'Salad Cream', 'Salad Cream'),
(231, 'Potatoes, diced', 'Potatoes'),
(232, 'Small Red Onion, Halved and Sliced very thin', 'Red Onion, Onion'),
(233, 'Cheddar cheese/Parmesan Cheese ( optional )', 'Cheddar cheese, Parmesan  cheese'),
(234, 'Minced Fresh Parsley/ Coriander', 'Fresh parsley, Coriander'),
(235, 'Beef', 'Beef'),
(236, 'Beer', 'Beer'),
(237, ' Beer', NULL),
(238, 'Red Onion, chopped', 'Red Onion'),
(239, 'Large Carrot, finely diced', 'Carrot'),
(240, 'Ripe Tomatoes, grated', 'Tomatoes'),
(244, 'Coriander powder', 'Coriander powder'),
(245, 'Black / White Pepper', 'Black Pepper, White Pepper'),
(247, 'Small Butternut', 'Butternut'),
(250, 'Fresh Rosemary leaves', 'Rosemary leaves'),
(251, 'Red Onion, diced', 'Red Onion'),
(252, ' Small Red Onion, diced', NULL),
(257, 'Tomatoes, sliced', 'Tomatoes'),
(258, 'Royco all spice mix', 'Royco all spice mix'),
(259, 'Thumb sized Ginger root, minced', 'Ginger, Ginger root'),
(261, 'Boiled Beans and Maize', 'Beans, Maize'),
(262, 'Chili powder', 'Chili powder'),
(264, 'Avocado, diced ( optional )', 'Avocado'),
(265, 'Handful of Fresh Coriander, finely diced ( optional )', 'Coriander'),
(266, 'Nduma Roots', 'Nduma Roots'),
(269, 'Egg, beaten', 'Egg'),
(270, 'Left over Nyama Choma ', 'Nyama Choma'),
(271, ' Left over Nyama Choma ', NULL),
(272, 'Cayenne Pepper, or Freshly Chopped Chilli', 'Cayenne Pepper, chilli'),
(274, 'Small Red Onion, sliced', 'Onion'),
(278, 'Tomato, sliced', 'Tomato'),
(281, 'Green bell Pepper, diced', 'Green bell Pepper'),
(284, 'Bread', 'Bread'),
(285, 'Large Drumsticks ( leftovers or otherwise )', 'Drumsticks, chicken'),
(286, 'Ndengu ( green grams ),boiled', 'Ndengu, Green grams'),
(288, 'Spring Onion, a handful, finely chopped', 'Spring Onion'),
(290, 'Heaped Black Pepper', 'Black pepper'),
(291, 'Whole Cumin Seeds', 'Cumin seeds'),
(294, ' Carrots, finely diced', 'Carrots'),
(298, 'Ground Beef', 'Ground Beef, Minced meat'),
(303, 'Egg, whisked', 'Egg'),
(304, 'Breadcrumbs', 'Breadcrumbs'),
(309, 'Potatoes', 'Potatoes'),
(311, 'Fresh Coriander, both leaves and stocks to be used', 'Coriander'),
(317, 'Farfelle Pasta ( 400g )', 'Farfelle pasta, pasta'),
(321, 'Dark Mushroom Soy Sauce', 'Dark Mushroom Soy Sauce'),
(322, 'Spring Onion, finely chopped', 'Spring Onion');

-- --------------------------------------------------------

--
-- Table structure for table `mealplan`
--

CREATE TABLE `mealplan` (
  `id` int(11) NOT NULL,
  `user_id` int(11) DEFAULT NULL,
  `calendar_id` int(11) DEFAULT NULL COMMENT 'Giving you the date',
  `recipe_id` int(11) DEFAULT NULL,
  `mealtype_id` int(11) DEFAULT NULL,
  `goout_id` int(11) DEFAULT NULL,
  `servings` int(11) DEFAULT NULL,
  `notes` varchar(500) DEFAULT NULL COMMENT 'Micro notes'
) ENGINE=InnoDB DEFAULT CHARSET=utf16;

-- --------------------------------------------------------

--
-- Table structure for table `mealtype`
--

CREATE TABLE `mealtype` (
  `id` int(11) NOT NULL,
  `mealtype` varchar(50) DEFAULT NULL,
  `servingstart` time DEFAULT NULL,
  `servingend` time DEFAULT NULL
) ENGINE=InnoDB DEFAULT CHARSET=utf16 COMMENT='Type of meals and their serving times';

-- --------------------------------------------------------

--
-- Table structure for table `recipe`
--

CREATE TABLE `recipe` (
  `id` int(11) NOT NULL,
  `userid` int(11) DEFAULT NULL,
  `course` varchar(50) DEFAULT NULL COMMENT 'Course ENGINE e.g soup/beverage/desert/meal etc',
  `name` varchar(50) DEFAULT NULL,
  `cover` varchar(50) DEFAULT 'logo.png',
  `cuisine` varchar(50) DEFAULT NULL COMMENT 'italian, english, mexican,african etc',
  `preptime` decimal(10,2) DEFAULT '0.00' COMMENT 'Minutes',
  `authorsTip` varchar(1000) NOT NULL,
  `servings` int(11) DEFAULT NULL,
  `servingTypeID` int(11) DEFAULT NULL,
  `texture` varchar(50) DEFAULT NULL,
  `tags` varchar(1000) DEFAULT NULL COMMENT 'tags that help in search, comma separated',
  `price` decimal(10,2) DEFAULT '0.00',
  `story` text,
  `approval` int(1) DEFAULT '0',
  `dateCreated` timestamp NULL DEFAULT NULL,
  `insertedBy` int(11) DEFAULT '1',
  `dateModified` timestamp NULL DEFAULT CURRENT_TIMESTAMP,
  `updatedBy` int(11) DEFAULT NULL
) ENGINE=InnoDB DEFAULT CHARSET=utf16 COMMENT='Main recipe table';

--
-- Dumping data for table `recipe`
--

INSERT INTO `recipe` (`id`, `userid`, `course`, `name`, `cover`, `cuisine`, `preptime`, `authorsTip`, `servings`, `servingTypeID`, `texture`, `tags`, `price`, `story`, `approval`, `dateCreated`, `insertedBy`, `dateModified`, `updatedBy`) VALUES
(1, 1, '1', 'strawberry milkshake', '001.jpg', 'African', '15.00', '', 2, 1, NULL, '', '0.00', 'I always enjoy making something different at least once a week. And if my family approves of it, I always know its a hit. These pork sausage, minced beef and cheddar cheese meatballs will make you happy too.', 1, NULL, 0, '2015-03-09 09:43:01', NULL),
(7, 9, NULL, 'Vanilla Oats & Raisins Pancakes topped with strawb', 'pasta.jpg', NULL, '30.00', '', 2, 3, NULL, 'pancakes', '0.00', NULL, 0, NULL, 0, '2015-05-24 11:07:20', NULL),
(12, 9, NULL, 'Simple Coconut & Red Grapes Smoothie', 'Coconut and grapes Smoothie.jpg', NULL, '10.00', '- Oats add thickness and fibre to your smoothie plus it is pretty filling. - If you cant consume your grapes fast enough, freeze them for future smoothies\n', 1, 4, NULL, 'Coconut, Smoothie, Red Grapes, Sheena\'s Kitchen', '0.00', 'Majority of us are used to making smoothies with the usual tropical fruits, bananas, mangoes, pineapples etc.So I thought I would try something different and share it with you. I love grapes but sometimes in the midst of all my fruit arrays my grapes start to wilt if I take too long to consume them. So other than throw them, I whip up delicious fruit smoothies with them', 0, NULL, 0, '2015-08-22 11:18:21', NULL),
(13, 9, NULL, 'Vanilla Oats & Raisins Pancakes topped with strawb', 'pancakes with strawberries.jpg', NULL, '20.00', '- Do not worry about over soaking the oats, as the longer it soaks, the softer the grain gets.\n- You can sub dates syrup with Maple syrup/honey or your preferred choice of sauce.\n- You can also use 1 cup plain white flour with 1 tsp baking powder if self-rising flour is not available.\n\n', 2, 3, NULL, 'Vanilla, Oats, Raisins, Pancakes, Strawberries, Sheena\'s Kitchen', '0.00', NULL, 0, NULL, 0, '2015-08-22 11:34:24', NULL),
(14, 9, NULL, 'Feta Cheese & Capsicum Salad', 'Feta cheese and capsicum salad 1.jpg', NULL, '10.00', '', 3, 5, NULL, 'Feta Cheese, Capsicum, Salad, Sheena\'s Kitchen', '0.00', 'I made this salad on a whim, with ingredients I readily had at home. Please feel free to play around with your ingredients by adding/omitting what you fancy.', 0, NULL, 0, '2015-08-22 11:44:02', NULL),
(15, 9, NULL, 'Minced meat Vegetable Soup', 'Mince and Vegetable Soup.jpg', NULL, '45.00', '', 5, 6, NULL, 'Minced meat, Vegetable soup', '0.00', 'A good way to incorporate your veggies into your diet is through soups. So I used all assortments of vegetables I had in my pantry. Whether canned, fresh, frozen anything goes. If you are a carnivore, go ahead and add some meat but it is really not necessary as there are various vegetables in this dish to fill you up and keep you interested', 0, NULL, 0, '2015-08-22 11:52:10', NULL),
(16, 9, NULL, 'Simple Yellow Lentils Curry', 'Yellow lentils 1.jpg', NULL, '45.00', '', 4, 6, NULL, 'Yellow lentils, Curry, Sheena\'s Kitchen', '0.00', 'I took the liberty of Kenyanizing this dish by adding one of the most used Kenyan spice royco', 0, NULL, 0, '2015-08-22 12:08:00', NULL),
(17, 11, NULL, 'Onion and Lime Guacamole', 'Onion Lime Guacamole cover.jpg', NULL, '15.00', '', 2, 7, NULL, 'Onion, Lime, Guacamole, Kaluhi\'s Kitchen', '0.00', 'There are certain things that will always upgrade a meal, and guacamole is one of them. It is so tasty and so healthy. My recipe takes this up a notch. ', 0, NULL, 0, '2015-08-24 17:38:51', NULL),
(18, 11, NULL, 'Sweet and Sour Pork with Pineapple Salsa', 'Sweet salsa.jpg', NULL, '55.00', '', 6, 3, NULL, 'Sweet and Sour Pork, Pineapple Salsa, Kaluhi\'s Kitchen', '0.00', 'Tender sweet and sour pork served with a bed of fresh pineapple salsa brings all the flavors of Asia and East Africa in one harmonious dish. ', 0, NULL, 0, '2015-08-24 18:02:55', NULL),
(19, 11, NULL, 'Creamed Garlic Kunde.', 'Creamed garlic Kunde cover .jpg', NULL, '25.00', '', 7, 7, NULL, 'Creamed Garlic Kunde, Kaluhi\'s kitchen ', '0.00', 'This is a wholesome nutritious\nvegetable that has graced our family dinners over the years as we grew up.As closely knit it is to our cultural identity as the recipe is to my heart.I hope you enjoy its richness too.\n', 0, NULL, 0, '2015-08-24 18:35:40', NULL),
(20, 11, NULL, 'Broccoli and Garlic Penne Stir Fry', 'Broccoli and garlic penne stir fry cover.jpg', NULL, '35.00', '', 2, 3, NULL, 'Broccoli and Garlic Penne, Stir fry, Kaluhi\'s Kitchen', '0.00', 'This broccoli and garlic penne stir fry is super-duper easy to make, healthy, and tastes so fantastic you will need to eat 17 plates before you are full. My sister enjoyed it so much, you will too.', 0, NULL, 0, '2015-08-24 19:02:17', NULL),
(21, 11, NULL, 'Ginger and Tomato Soup', 'Ginger and tomato soup.jpg', NULL, '25.00', '', 2, 6, NULL, 'Ginger and Tomato Soup, Kaluhi\'s Kitchen', '0.00', 'I made this on a frigid july morning and I could not have picked a better soup to warm me up. It is nutritious as it is tasty.', 0, NULL, 0, '2015-08-24 19:16:12', NULL),
(22, 11, NULL, 'Honey, Lemon and Cinnamon Tea', 'Honeycover.jpg', NULL, '40.00', '', 4, 8, NULL, 'Honey, Lemon, Cinnamon, Tea, Kaluhi\'s Kitchen.', '0.00', 'No better way wind down any chilly evening than with some perfect tea made of some sweet honey, zesty lemon and warm cinnamon. It is delicious and very nutritious too. ', 0, NULL, 0, '2015-08-26 09:27:37', NULL),
(23, 11, NULL, 'Cake and Custard', 'cakecover.jpg', NULL, '13.00', '', 2, 6, NULL, 'Cake, Custard, Kaluhi\'s Kitchen', '0.00', 'Cake and custard takes me back to the fun childhood afternoons at my uncles place. This is so easy & very delicious. Who does not love a good snack that is so easy to make & so heart-warming.', 0, NULL, 0, '2015-08-26 10:00:19', NULL),
(24, 11, NULL, 'Broccoli and Pea Cabbage Stir Fry', 'Broccolicover.jpg', NULL, '30.00', '', 7, 5, NULL, 'Broccoli, Pea, Cabbage, Stir Fry, Kaluhi\'s Kitchen', '0.00', 'This is a recipe handed down to me by my Mom. It is wholesome, full of character, flavor and is super easy to make. ', 0, NULL, 0, '2015-08-26 10:15:45', NULL),
(25, 11, NULL, 'Pan fried Fish with Sweet and Sour Ukwaju Sauce', 'Fishcover.jpg', NULL, '45.00', '', 2, 3, NULL, 'Pan fried, Fish, Sweet and Sour, Ukwaju Sauce, Kaluhi\'s Kitchen', '0.00', 'A Kenyan classic with a global perspective. This Pan Fried Fish with Sweet and Sour Mkwaju Sauce gives you a taste of the Kenyan coast in one sitting.', 0, NULL, 0, '2015-08-26 10:32:13', NULL),
(26, 11, NULL, 'Peppery Hotdog with Lemon and Garlic Plain Yogurt ', 'Hotdogcover.jpg', NULL, '25.00', '', 2, 3, NULL, 'Peppery Hotdog, with Lemon, and Garlic Plain Yogurt Sauce, Kaluhi\'s Kitchen', '0.00', 'Hot dogs were always a favorite whenever we went to the Annual International I added my own twist and developed my Peppery Hotdog with Lemon and Garlic Plain Yoghurt Sauce. ', 0, NULL, 0, '2015-08-26 11:13:05', NULL),
(27, 12, NULL, 'Cumin and Rosemary Baked Chicken', 'cumin-chicken5.jpg', NULL, '5.00', '', 8, 1, NULL, 'Chicken,Cumin,Rosemary', '0.00', NULL, 0, NULL, 0, '2015-08-26 11:15:47', NULL),
(29, 11, NULL, 'Avocado and Sesame Seed Milky Omelette', 'Avocadocover.jpg', NULL, '15.00', '', 2, 3, NULL, 'Avocado, Sesame Seed, Milky Omelette, Kaluhi\'s Kitchen', '0.00', NULL, 1, NULL, 0, '2015-08-27 08:24:00', NULL),
(30, 11, NULL, 'Garlicky French Beans with Carrots', 'fbeanscover.jpg', NULL, '25.00', '', 4, 6, NULL, 'Garlick, French Beans, Carrots, Kaluhi\'s Kitchen', '0.00', NULL, 0, NULL, 0, '2015-08-27 08:45:52', NULL),
(31, 11, NULL, 'Pea and Potato Stew', 'peacover.jpg', NULL, '50.00', '', 7, 6, NULL, 'Pes, Potato Stew, Kaluhi\'s Kitchen', '0.00', NULL, 0, NULL, 0, '2015-08-27 09:13:21', NULL),
(32, 11, NULL, 'Orange Zest Funfetti Pancakes', 'orangecover.jpg', NULL, '35.00', '', 2, 3, NULL, 'Orange Zest, Funfetti, Pancakes, Kaluhi\'s Kitchen', '0.00', NULL, 0, NULL, 0, '2015-08-27 09:38:21', NULL),
(33, 11, NULL, 'Potato Salad', 'potatocover.jpg', NULL, '45.00', '', 7, 12, NULL, 'Potato, Salad, Kaluhi\'s Kitchen', '0.00', NULL, 0, NULL, 0, '2015-08-27 10:05:35', NULL),
(34, 11, NULL, 'Spicy Beer Beef Stew.', 'beefbeercover.jpg', NULL, '90.00', '', 3, 9, NULL, 'Spicy, Beer, Beef, Stew, Kaluhi\'s Kitchen', '0.00', 'This is an indulgent twist to a Kenyan favorite. The booziness comes through without being repulsive and adds even  more juiciness.', 0, NULL, 0, '2015-08-28 15:21:25', NULL),
(35, 11, NULL, 'Butternut Soup with Crispy Toasted Seeds', 'butternutcover.jpg', NULL, '35.00', '', 1, 10, NULL, 'Butternut, Soup, Crispy, Toasted, Seeds, Kaluhi\'s Kitchen', '0.00', 'Nothing would be better to keep you company through a cold day. This is nutritious, heart-warming and oh-so mellow!', 0, NULL, 0, '2015-08-28 15:45:10', NULL),
(36, 11, NULL, 'Chilli and Ginger Githeri', 'githericover.jpg', NULL, '45.00', '', 3, 3, NULL, 'Chilli, Ginger, Githeri, Kaluhi\'s Kitchen', '0.00', 'This recipe is a twist to the Kenyan calssic and packs a punch of flavor. It is a far cry from what most of us used to eat in high school. ', 0, NULL, 0, '2015-08-28 16:04:55', NULL),
(37, 11, NULL, 'Fried Nduma with Crunchy Bread Crumb Crust', 'Ndumacover.jpg', NULL, '45.00', '', 3, 3, NULL, 'Fried, Nduma,Crunchy Bread, Crumb, Crust, Kaluhi\'s Kitchen', '0.00', 'One the edible roots I previously did not like is now one of my favorite breakfast dishes. Here is my take on the very nutritious nduma.', 0, NULL, 0, '2015-08-28 16:19:41', NULL),
(38, 11, NULL, 'Cayenne and Red Onion Nyamachoma Dry Fry', 'nyamchomcover.jpg', NULL, '40.00', '', 5, 11, NULL, 'Cayenne, Red Onion, Nyamachoma, Nyama Choma, Dry, Fry, Kaluhi\'s Kitchen', '0.00', 'Nothing screams festivities and brings nostalgic memories of family-gatherings as much as nyamachoma does. To make this already delicious recipe even more savory, this is what my mum remakes it at home\n\n', 0, NULL, 0, '2015-08-28 16:31:30', NULL),
(39, 11, NULL, 'Grilled Cheese Chicken Sandwich', 'sandwichcover.jpg', NULL, '15.00', '', 2, 3, NULL, 'Grilled, Cheese, Chicken, Sandwich, Kaluhi\'s Kitchen', '0.00', NULL, 0, NULL, 0, '2015-08-29 11:03:54', NULL),
(40, 11, NULL, 'Peppery Garlic and Carrot Ndengu', 'ndengucover.jpg', NULL, '37.00', '', 8, 7, NULL, 'Peppery, Garlic, Carrot, Ndengu, Kaluhi\'s Kitchen', '0.00', NULL, 0, NULL, 0, '2015-08-29 11:18:47', NULL),
(41, 11, NULL, 'Pork Sausage, Beef and Cheddar Meatballs', 'cheddarcover.jpg', NULL, '70.00', '', 7, 11, NULL, 'Pork Sausage, Beef, Cheddar, Meatballs, Kaluhi\'s Kitchen', '0.00', 'I always enjoy making something different at least once a week. And if my family approves of it, I always know its a hit. These pork sausage, minced beef and cheddar cheese meatballs will make you happy too.', 0, NULL, 0, '2015-08-29 11:34:03', NULL),
(42, 11, NULL, 'Garlic Masala Fries', 'masalacover.jpg', NULL, '30.00', '', 1, 3, NULL, 'Garlic, Masala, Fries, Kaluhi\'s Kitchen', '0.00', NULL, 0, NULL, 0, '2015-08-29 11:51:09', NULL),
(43, 11, NULL, 'Spring Onion and Cumin Seed Farfelle Stir Fry', 'farfallecover.jpg', NULL, '25.00', '', 5, 7, NULL, 'Spring Onion, Cumin Seed, Farfelle, Stir Fry, Kaluhi\'s Kitchen', '0.00', NULL, 0, NULL, 0, '2015-08-29 12:04:15', NULL);

-- --------------------------------------------------------

--
-- Table structure for table `recipeTags`
--

CREATE TABLE `recipeTags` (
  `recipeTagID` int(11) NOT NULL,
  `recipeID` int(11) DEFAULT NULL,
  `tagID` int(11) DEFAULT NULL,
  `insertedBy` int(11) DEFAULT '4' COMMENT 'This should be a user ID  from the users table',
  `dateCreated` timestamp NULL DEFAULT NULL,
  `updatedBy` varchar(45) DEFAULT '4',
  `dateModified` timestamp NULL DEFAULT CURRENT_TIMESTAMP
) ENGINE=InnoDB DEFAULT CHARSET=latin1 COMMENT='Each recipe has a tag,and a tag is basically a single word or phrase that best describes the recipe';

--
-- Dumping data for table `recipeTags`
--

INSERT INTO `recipeTags` (`recipeTagID`, `recipeID`, `tagID`, `insertedBy`, `dateCreated`, `updatedBy`, `dateModified`) VALUES
(1, 1, 1, 4, '2016-04-04 19:34:41', '4', '2016-04-04 19:35:40'),
(2, 1, 2, 4, '2016-04-04 19:35:57', '4', '2016-04-04 19:36:02'),
(3, 7, 3, 4, '2016-04-04 19:37:06', '4', '2016-04-04 19:36:41'),
(4, 7, 4, 4, '2016-04-04 19:37:19', '4', '2016-04-04 19:36:41'),
(5, 7, 5, 4, '2016-04-04 19:37:33', '4', '2016-04-04 19:36:41'),
(6, 12, 6, 4, '2016-04-04 19:38:15', '4', '2016-04-04 19:38:18'),
(7, 12, 3, 4, '2016-04-10 18:09:50', '4', '2016-04-10 18:09:50'),
(8, 12, 4, 4, '2016-04-10 18:09:50', '4', '2016-04-10 18:09:50'),
(9, 12, 5, 4, '2016-04-10 18:09:50', '4', '2016-04-10 18:09:50'),
(10, 12, 19, 4, '2016-04-10 18:09:50', '4', '2016-04-10 18:09:50'),
(11, 13, 6, 4, '2016-04-10 18:11:13', '4', '2016-04-10 18:11:13'),
(12, 13, 21, 4, '2016-04-10 18:11:13', '4', '2016-04-10 18:11:13'),
(13, 13, 22, 4, '2016-04-10 18:11:13', '4', '2016-04-10 18:11:13'),
(14, 13, 23, 4, '2016-04-10 18:11:13', '4', '2016-04-10 18:11:13'),
(15, 13, 24, 4, '2016-04-10 18:11:13', '4', '2016-04-10 18:11:13'),
(16, 13, 19, 4, '2016-04-10 18:11:13', '4', '2016-04-10 18:11:13'),
(17, 14, 26, 4, '2016-04-10 18:15:54', '4', '2016-04-10 18:15:54'),
(18, 14, 27, 4, '2016-04-10 18:15:54', '4', '2016-04-10 18:15:54'),
(19, 14, 28, 4, '2016-04-10 18:15:54', '4', '2016-04-10 18:15:54'),
(20, 14, 19, 4, '2016-04-10 18:15:54', '4', '2016-04-10 18:15:54'),
(21, 15, 30, 4, '2016-04-10 18:16:22', '4', '2016-04-10 18:16:22'),
(22, 15, 31, 4, '2016-04-10 18:16:22', '4', '2016-04-10 18:16:22'),
(23, 16, 32, 4, '2016-04-10 18:16:51', '4', '2016-04-10 18:16:51'),
(24, 16, 33, 4, '2016-04-10 18:16:51', '4', '2016-04-10 18:16:51'),
(25, 16, 19, 4, '2016-04-10 18:16:51', '4', '2016-04-10 18:16:51'),
(26, 17, 35, 4, '2016-04-10 18:17:10', '4', '2016-04-10 18:17:10'),
(27, 17, 36, 4, '2016-04-10 18:17:10', '4', '2016-04-10 18:17:10'),
(28, 17, 37, 4, '2016-04-10 18:17:10', '4', '2016-04-10 18:17:10'),
(29, 17, 38, 4, '2016-04-10 18:17:10', '4', '2016-04-10 18:17:10'),
(30, 18, 39, 4, '2016-04-10 18:17:25', '4', '2016-04-10 18:17:25'),
(31, 18, 40, 4, '2016-04-10 18:17:25', '4', '2016-04-10 18:17:25'),
(32, 18, 38, 4, '2016-04-10 18:17:25', '4', '2016-04-10 18:17:25'),
(33, 19, 42, 4, '2016-04-10 18:17:42', '4', '2016-04-10 18:17:42'),
(34, 19, 38, 4, '2016-04-10 18:17:42', '4', '2016-04-10 18:17:42'),
(35, 20, 44, 4, '2016-04-10 18:17:54', '4', '2016-04-10 18:17:54'),
(36, 20, 45, 4, '2016-04-10 18:17:54', '4', '2016-04-10 18:17:54'),
(37, 20, 38, 4, '2016-04-10 18:17:54', '4', '2016-04-10 18:17:54'),
(38, 21, 47, 4, '2016-04-10 18:18:11', '4', '2016-04-10 18:18:11'),
(39, 21, 38, 4, '2016-04-10 18:18:11', '4', '2016-04-10 18:18:11'),
(48, 23, 54, 4, '2016-04-10 18:18:45', '4', '2016-04-10 18:18:45'),
(49, 23, 55, 4, '2016-04-10 18:18:45', '4', '2016-04-10 18:18:45'),
(50, 23, 38, 4, '2016-04-10 18:18:45', '4', '2016-04-10 18:18:45'),
(51, 22, 49, 4, '2016-04-10 18:20:21', '4', '2016-04-10 18:20:21'),
(52, 22, 50, 4, '2016-04-10 18:20:21', '4', '2016-04-10 18:20:21'),
(53, 22, 51, 4, '2016-04-10 18:20:21', '4', '2016-04-10 18:20:21'),
(54, 22, 52, 4, '2016-04-10 18:20:21', '4', '2016-04-10 18:20:21'),
(55, 22, 53, 4, '2016-04-10 18:20:21', '4', '2016-04-10 18:20:21'),
(56, 24, 65, 4, '2016-04-10 18:20:30', '4', '2016-04-10 18:20:30'),
(57, 24, 66, 4, '2016-04-10 18:20:30', '4', '2016-04-10 18:20:30'),
(58, 24, 67, 4, '2016-04-10 18:20:30', '4', '2016-04-10 18:20:30'),
(59, 24, 45, 4, '2016-04-10 18:20:30', '4', '2016-04-10 18:20:30'),
(60, 24, 38, 4, '2016-04-10 18:20:30', '4', '2016-04-10 18:20:30'),
(61, 25, 70, 4, '2016-04-10 18:20:39', '4', '2016-04-10 18:20:39'),
(62, 25, 71, 4, '2016-04-10 18:20:39', '4', '2016-04-10 18:20:39'),
(63, 25, 72, 4, '2016-04-10 18:20:39', '4', '2016-04-10 18:20:39'),
(64, 25, 73, 4, '2016-04-10 18:20:39', '4', '2016-04-10 18:20:39'),
(65, 25, 38, 4, '2016-04-10 18:20:39', '4', '2016-04-10 18:20:39'),
(66, 26, 75, 4, '2016-04-10 18:20:48', '4', '2016-04-10 18:20:48'),
(67, 26, 76, 4, '2016-04-10 18:20:48', '4', '2016-04-10 18:20:48'),
(68, 26, 77, 4, '2016-04-10 18:20:48', '4', '2016-04-10 18:20:48'),
(69, 26, 38, 4, '2016-04-10 18:20:48', '4', '2016-04-10 18:20:48'),
(70, 27, 79, 4, '2016-04-10 18:21:18', '4', '2016-04-10 18:21:18'),
(71, 27, 80, 4, '2016-04-10 18:21:18', '4', '2016-04-10 18:21:18'),
(72, 27, 81, 4, '2016-04-10 18:21:18', '4', '2016-04-10 18:21:18'),
(74, 29, 82, 4, '2016-04-10 18:22:46', '4', '2016-04-10 18:22:46'),
(75, 29, 84, 4, '2016-04-10 18:22:46', '4', '2016-04-10 18:22:46'),
(76, 29, 85, 4, '2016-04-10 18:22:46', '4', '2016-04-10 18:22:46'),
(77, 29, 38, 4, '2016-04-10 18:22:46', '4', '2016-04-10 18:22:46'),
(78, 30, 87, 4, '2016-04-10 18:23:11', '4', '2016-04-10 18:23:11'),
(79, 30, 88, 4, '2016-04-10 18:23:11', '4', '2016-04-10 18:23:11'),
(80, 30, 89, 4, '2016-04-10 18:23:11', '4', '2016-04-10 18:23:11'),
(81, 30, 38, 4, '2016-04-10 18:23:11', '4', '2016-04-10 18:23:11'),
(82, 31, 91, 4, '2016-04-10 18:23:44', '4', '2016-04-10 18:23:44'),
(83, 31, 92, 4, '2016-04-10 18:23:44', '4', '2016-04-10 18:23:44'),
(84, 31, 38, 4, '2016-04-10 18:23:44', '4', '2016-04-10 18:23:44'),
(85, 32, 94, 4, '2016-04-10 18:23:52', '4', '2016-04-10 18:23:52'),
(86, 32, 95, 4, '2016-04-10 18:23:52', '4', '2016-04-10 18:23:52'),
(87, 32, 23, 4, '2016-04-10 18:23:52', '4', '2016-04-10 18:23:52'),
(88, 32, 38, 4, '2016-04-10 18:23:52', '4', '2016-04-10 18:23:52'),
(89, 34, 98, 4, '2016-04-10 18:24:00', '4', '2016-04-10 18:24:00'),
(90, 34, 99, 4, '2016-04-10 18:24:00', '4', '2016-04-10 18:24:00'),
(92, 34, 101, 4, '2016-04-10 18:24:00', '4', '2016-04-10 18:24:00'),
(93, 34, 38, 4, '2016-04-10 18:24:00', '4', '2016-04-10 18:24:00'),
(94, 35, 103, 4, '2016-04-10 18:24:07', '4', '2016-04-10 18:24:07'),
(95, 35, 104, 4, '2016-04-10 18:24:07', '4', '2016-04-10 18:24:07'),
(96, 35, 105, 4, '2016-04-10 18:24:07', '4', '2016-04-10 18:24:07'),
(97, 35, 106, 4, '2016-04-10 18:24:07', '4', '2016-04-10 18:24:07'),
(98, 35, 107, 4, '2016-04-10 18:24:07', '4', '2016-04-10 18:24:07'),
(99, 35, 38, 4, '2016-04-10 18:24:07', '4', '2016-04-10 18:24:07'),
(100, 36, 109, 4, '2016-04-10 18:24:17', '4', '2016-04-10 18:24:17'),
(101, 36, 110, 4, '2016-04-10 18:24:17', '4', '2016-04-10 18:24:17'),
(102, 36, 111, 4, '2016-04-10 18:24:17', '4', '2016-04-10 18:24:17'),
(103, 36, 38, 4, '2016-04-10 18:24:17', '4', '2016-04-10 18:24:17'),
(104, 38, 113, 4, '2016-04-10 18:27:36', '4', '2016-04-10 18:27:36'),
(105, 38, 114, 4, '2016-04-10 18:27:36', '4', '2016-04-10 18:27:36'),
(106, 38, 115, 4, '2016-04-10 18:27:36', '4', '2016-04-10 18:27:36'),
(107, 38, 116, 4, '2016-04-10 18:27:36', '4', '2016-04-10 18:27:36'),
(108, 38, 117, 4, '2016-04-10 18:27:36', '4', '2016-04-10 18:27:36'),
(109, 38, 118, 4, '2016-04-10 18:27:36', '4', '2016-04-10 18:27:36'),
(110, 38, 38, 4, '2016-04-10 18:27:36', '4', '2016-04-10 18:27:36'),
(111, 39, 120, 4, '2016-04-10 18:27:47', '4', '2016-04-10 18:27:47'),
(112, 39, 121, 4, '2016-04-10 18:27:47', '4', '2016-04-10 18:27:47'),
(113, 39, 79, 4, '2016-04-10 18:27:47', '4', '2016-04-10 18:27:47'),
(114, 39, 123, 4, '2016-04-10 18:27:47', '4', '2016-04-10 18:27:47'),
(115, 39, 38, 4, '2016-04-10 18:27:47', '4', '2016-04-10 18:27:47'),
(116, 40, 125, 4, '2016-04-10 18:28:01', '4', '2016-04-10 18:28:01'),
(117, 40, 126, 4, '2016-04-10 18:28:01', '4', '2016-04-10 18:28:01'),
(118, 40, 127, 4, '2016-04-10 18:28:01', '4', '2016-04-10 18:28:01'),
(119, 40, 128, 4, '2016-04-10 18:28:01', '4', '2016-04-10 18:28:01'),
(120, 40, 38, 4, '2016-04-10 18:28:01', '4', '2016-04-10 18:28:01'),
(121, 41, 130, 4, '2016-04-10 18:28:13', '4', '2016-04-10 18:28:13'),
(122, 41, 99, 4, '2016-04-10 18:28:13', '4', '2016-04-10 18:28:13'),
(123, 41, 132, 4, '2016-04-10 18:28:13', '4', '2016-04-10 18:28:13'),
(124, 41, 133, 4, '2016-04-10 18:28:13', '4', '2016-04-10 18:28:13'),
(125, 41, 38, 4, '2016-04-10 18:28:13', '4', '2016-04-10 18:28:13'),
(126, 42, 126, 4, '2016-04-10 18:28:24', '4', '2016-04-10 18:28:24'),
(127, 42, 136, 4, '2016-04-10 18:28:24', '4', '2016-04-10 18:28:24'),
(128, 42, 137, 4, '2016-04-10 18:28:24', '4', '2016-04-10 18:28:24'),
(129, 42, 38, 4, '2016-04-10 18:28:24', '4', '2016-04-10 18:28:24'),
(150, 43, 139, 4, '2016-04-15 13:32:38', '4', '2016-04-15 13:32:38'),
(151, 43, 140, 4, '2016-04-15 13:32:38', '4', '2016-04-15 13:32:38'),
(152, 43, 141, 4, '2016-04-15 13:32:38', '4', '2016-04-15 13:32:38'),
(153, 43, 45, 4, '2016-04-15 13:32:38', '4', '2016-04-15 13:32:38'),
(154, 43, 38, 4, '2016-04-15 13:32:38', '4', '2016-04-15 13:32:38');

-- --------------------------------------------------------

--
-- Table structure for table `recipe_equip_used`
--

CREATE TABLE `recipe_equip_used` (
  `id` int(11) NOT NULL,
  `recipie_id` int(11) DEFAULT NULL,
  `equipement_id` int(11) DEFAULT NULL,
  `usage` varchar(250) DEFAULT NULL
) ENGINE=InnoDB DEFAULT CHARSET=utf16 COMMENT='used whne a receipuie uteises the l_equipment table';

-- --------------------------------------------------------

--
-- Table structure for table `recipe_flavors`
--

CREATE TABLE `recipe_flavors` (
  `id` int(11) NOT NULL,
  `recipe_id` int(11) DEFAULT NULL,
  `salty` decimal(10,2) DEFAULT '0.00',
  `sour` decimal(10,2) DEFAULT '0.00',
  `sweet` decimal(10,2) DEFAULT '0.00',
  `bitter` decimal(10,2) DEFAULT '0.00',
  `meaty` decimal(10,2) DEFAULT '0.00',
  `piquant` decimal(10,2) DEFAULT '0.00'
) ENGINE=InnoDB DEFAULT CHARSET=utf16 COMMENT='Adopted froim yammly\r\n\r\n\r\n"salty": 0.6666666666666666,\r\n                "sour": 0.8333333333333334,\r\n                "sweet": 0.6666666666666666,\r\n                "bitter": 0.5,\r\n                "meaty": 0.16666666666666666,\r\n                "piquant": 0.5';

-- --------------------------------------------------------

--
-- Table structure for table `recipe_images`
--

CREATE TABLE `recipe_images` (
  `id` int(11) NOT NULL,
  `recipe_id` int(11) DEFAULT NULL,
  `image` varchar(150) NOT NULL,
  `dateCreated` timestamp NULL DEFAULT NULL,
  `dateModified` timestamp NULL DEFAULT CURRENT_TIMESTAMP,
  `insertedBy` int(11) DEFAULT '1',
  `updatedBy` int(11) DEFAULT '1'
) ENGINE=InnoDB DEFAULT CHARSET=utf16 COMMENT='Images to show the final product. This allows a recipe to have more than one image; Step images are stored in the recipe_step. ';

-- --------------------------------------------------------

--
-- Table structure for table `recipe_ingredients`
--

CREATE TABLE `recipe_ingredients` (
  `id` int(11) NOT NULL,
  `recipe_id` int(11) DEFAULT NULL,
  `ingredient_id` int(11) DEFAULT NULL,
  `quantity` decimal(10,2) DEFAULT NULL,
  `measure` varchar(50) DEFAULT NULL COMMENT 'Unit (SI) e.g tablespoon, kg, liter etc ',
  `usage` varchar(500) DEFAULT NULL COMMENT 'how to...',
  `dateCreated` timestamp NULL DEFAULT NULL,
  `dateModifed` timestamp NULL DEFAULT CURRENT_TIMESTAMP,
  `insertedBy` int(11) DEFAULT '1',
  `updatedBy` int(11) DEFAULT '1'
) ENGINE=InnoDB DEFAULT CHARSET=utf16 COMMENT='list of the ingredients in a given recipe';

--
-- Dumping data for table `recipe_ingredients`
--

INSERT INTO `recipe_ingredients` (`id`, `recipe_id`, `ingredient_id`, `quantity`, `measure`, `usage`, `dateCreated`, `dateModifed`, `insertedBy`, `updatedBy`) VALUES
(1, 1, 2, '2.00', 'g', NULL, NULL, NULL, 1, 1),
(2, 1, 3, '1.00', 'l', NULL, NULL, NULL, 1, 1),
(22, 7, 26, '1.00', 'cup', NULL, NULL, NULL, 1, 1),
(23, 7, 27, '1.00', '-', NULL, NULL, NULL, 1, 1),
(24, 7, 28, '1.00', 'tsp', NULL, NULL, NULL, 1, 1),
(45, 12, 50, '250.00', 'ml', NULL, NULL, NULL, 1, 1),
(46, 12, 51, '1.00', 'Cup', NULL, NULL, NULL, 1, 1),
(47, 12, 52, '0.00', 'Bunch', NULL, NULL, NULL, 1, 1),
(48, 13, 53, '1.00', 'Cup', NULL, NULL, NULL, 1, 1),
(49, 13, 28, '0.50', 'tsp', NULL, NULL, NULL, 1, 1),
(50, 13, 52, '0.25', 'Cup', NULL, NULL, NULL, 1, 1),
(51, 13, 3, '1.00', 'Cup', NULL, NULL, NULL, 1, 1),
(52, 13, 27, '1.00', '-', NULL, NULL, NULL, 1, 1),
(53, 13, 58, '1.00', '-', NULL, NULL, NULL, 1, 1),
(54, 13, 59, '1.00', 'tbsp', NULL, NULL, NULL, 1, 1),
(55, 13, 60, '0.50', 'tsp', NULL, NULL, NULL, 1, 1),
(56, 13, 61, '0.00', '-', NULL, NULL, NULL, 1, 1),
(57, 13, 62, '1.00', 'tbsp', NULL, NULL, NULL, 1, 1),
(58, 14, 63, '250.00', 'g', NULL, NULL, NULL, 1, 1),
(59, 14, 64, '10.00', '-', NULL, NULL, NULL, 1, 1),
(60, 14, 65, '1.00', '-', NULL, NULL, NULL, 1, 1),
(61, 14, 66, '1.00', '-', NULL, NULL, NULL, 1, 1),
(62, 14, 67, '1.00', '-', NULL, NULL, NULL, 1, 1),
(63, 14, 68, '0.50', 'Cup', NULL, NULL, NULL, 1, 1),
(64, 14, 69, '0.00', '-', NULL, NULL, NULL, 1, 1),
(65, 15, 30, '250.00', 'g', NULL, NULL, NULL, 1, 1),
(66, 15, 71, '1.00', 'tbsp', NULL, NULL, NULL, 1, 1),
(67, 15, 72, '1.00', 'bulb', NULL, NULL, NULL, 1, 1),
(68, 15, 73, '1.00', '-', NULL, NULL, NULL, 1, 1),
(69, 15, 74, '1.00', 'inch', NULL, NULL, NULL, 1, 1),
(70, 15, 75, '1.00', '-', NULL, NULL, NULL, 1, 1),
(71, 15, 76, '10.00', '-', NULL, NULL, NULL, 1, 1),
(73, 15, 78, '0.50', '-', NULL, NULL, NULL, 1, 1),
(74, 15, 79, '1.00', 'tsp', NULL, NULL, NULL, 1, 1),
(75, 15, 80, '1.00', 'can', NULL, NULL, NULL, 1, 1),
(76, 15, 81, '1.00', '-', NULL, NULL, NULL, 1, 1),
(77, 15, 82, '1.00', 'Cup', NULL, NULL, NULL, 1, 1),
(78, 15, 83, '1.50', 'Cups', NULL, NULL, NULL, 1, 1),
(79, 15, 84, '0.00', '-', NULL, NULL, NULL, 1, 1),
(80, 15, 85, '2.00', '-', NULL, NULL, NULL, 1, 1),
(81, 16, 86, '1.00', '-', NULL, NULL, NULL, 1, 1),
(82, 16, 87, '2.00', '-', NULL, NULL, NULL, 1, 1),
(83, 16, 88, '2.00', 'tbsp', NULL, NULL, NULL, 1, 1),
(84, 16, 89, '2.00', 'Cups', NULL, NULL, NULL, 1, 1),
(85, 16, 90, '4.00', '-', NULL, NULL, NULL, 1, 1),
(86, 16, 38, '1.00', 'tsp', NULL, NULL, NULL, 1, 1),
(87, 16, 92, '2.00', 'tbsp', NULL, NULL, NULL, 1, 1),
(88, 16, 93, '1.00', 'tbsp', NULL, NULL, NULL, 1, 1),
(89, 16, 94, '1.00', 'Cup', NULL, NULL, NULL, 1, 1),
(90, 16, 49, '0.00', '-', NULL, NULL, NULL, 1, 1),
(91, 16, 96, '0.00', '-', NULL, NULL, NULL, 1, 1),
(92, 17, 98, '0.50', ' -', NULL, NULL, NULL, 1, 1),
(93, 17, 99, '0.50', '-', NULL, NULL, NULL, 1, 1),
(94, 17, 100, '0.50', '-', NULL, NULL, NULL, 1, 1),
(95, 17, 101, '0.50', 'tsp', NULL, NULL, NULL, 1, 1),
(96, 17, 102, '1.00', '-', NULL, NULL, NULL, 1, 1),
(97, 17, 103, '3.00', '-', NULL, NULL, NULL, 1, 1),
(98, 17, 49, '0.00', '-', NULL, NULL, NULL, 1, 1),
(99, 18, 105, '0.50', 'kg', NULL, NULL, NULL, 1, 1),
(100, 18, 106, '0.00', '-', NULL, NULL, NULL, 1, 1),
(101, 18, 107, '1.00', 'tbsp', NULL, NULL, NULL, 1, 1),
(102, 18, 108, '0.25', 'tsp', NULL, NULL, NULL, 1, 1),
(103, 18, 109, '2.00', '-', NULL, NULL, NULL, 1, 1),
(104, 18, 118, '0.00', '  -', NULL, NULL, NULL, 1, 1),
(105, 18, 111, '3.00', '-', NULL, NULL, NULL, 1, 1),
(106, 18, 112, '1.00', 'tbsp', NULL, NULL, NULL, 1, 1),
(107, 18, 113, '3.00', 'tbsp', NULL, NULL, NULL, 1, 1),
(108, 18, 114, '5.00', 'tbsp', NULL, NULL, NULL, 1, 1),
(109, 18, 38, '2.00', 'tsp', NULL, NULL, NULL, 1, 1),
(110, 18, 116, '2.00', '-', NULL, NULL, NULL, 1, 1),
(111, 18, 119, '0.25', '-', NULL, NULL, NULL, 1, 1),
(112, 18, 120, '0.00', '-', NULL, NULL, NULL, 1, 1),
(113, 18, 121, '0.25', 'tsp', NULL, NULL, NULL, 1, 1),
(114, 18, 122, '0.50', '-', NULL, NULL, NULL, 1, 1),
(115, 19, 123, '1.00', 'Kg', NULL, NULL, NULL, 1, 1),
(116, 19, 124, '2.00', '-', NULL, NULL, NULL, 1, 1),
(117, 19, 125, '2.00', '-', NULL, NULL, NULL, 1, 1),
(118, 19, 126, '0.25', '-', NULL, NULL, NULL, 1, 1),
(119, 19, 127, '0.50', '-', NULL, NULL, NULL, 1, 1),
(120, 19, 128, '1.00', 'Cup', NULL, NULL, NULL, 1, 1),
(121, 20, 129, '250.00', 'g', NULL, NULL, NULL, 1, 1),
(122, 20, 130, '6.00', '-', NULL, NULL, NULL, 1, 1),
(123, 20, 131, '0.50', 'Head', NULL, NULL, NULL, 1, 1),
(124, 20, 132, '2.00', '-', NULL, NULL, NULL, 1, 1),
(125, 20, 133, '1.00', 'tbsp', NULL, NULL, NULL, 1, 1),
(126, 20, 101, '1.00', 'tsp', NULL, NULL, NULL, 1, 1),
(127, 20, 136, '0.00', ' -', NULL, NULL, NULL, 1, 1),
(128, 21, 71, '0.00', '-', NULL, NULL, NULL, 1, 1),
(129, 21, 138, '2.00', '-', NULL, NULL, NULL, 1, 1),
(130, 21, 139, '0.00', '-', NULL, NULL, NULL, 1, 1),
(131, 21, 141, '0.25', ' tsp', NULL, NULL, NULL, 1, 1),
(132, 21, 101, '0.50', 'tsp', NULL, NULL, NULL, 1, 1),
(133, 21, 143, '6.00', '-', NULL, NULL, NULL, 1, 1),
(134, 21, 49, '0.00', '-', NULL, NULL, NULL, 1, 1),
(135, 22, 145, '3.00', '-', NULL, NULL, NULL, 1, 1),
(136, 22, 146, '1.00', 'tbsp', NULL, NULL, NULL, 1, 1),
(137, 22, 147, '3.00', 'tbsp', NULL, NULL, NULL, 1, 1),
(138, 22, 148, '0.50', '-', NULL, NULL, NULL, 1, 1),
(139, 23, 179, '2.00', ' Cups', NULL, NULL, NULL, 1, 1),
(140, 23, 150, '1.00', 'tbsp', NULL, NULL, NULL, 1, 1),
(141, 23, 113, '2.00', 'tbsp', NULL, NULL, NULL, 1, 1),
(142, 24, 152, '0.50', '-', NULL, NULL, NULL, 1, 1),
(143, 24, 153, '4.00', '-', NULL, NULL, NULL, 1, 1),
(144, 24, 154, '1.00', 'Can', NULL, NULL, NULL, 1, 1),
(145, 24, 155, '1.00', 'head', NULL, NULL, NULL, 1, 1),
(146, 24, 180, '2.00', ' -', NULL, NULL, NULL, 1, 1),
(147, 25, 181, '1.00', '-', NULL, NULL, NULL, 1, 1),
(148, 25, 158, '1.00', '-', NULL, NULL, NULL, 1, 1),
(149, 25, 159, '1.00', 'tbsp', NULL, NULL, NULL, 1, 1),
(150, 25, 103, '4.00', '-', NULL, NULL, NULL, 1, 1),
(151, 25, 101, '1.00', 'tbsp', NULL, NULL, NULL, 1, 1),
(152, 25, 15, '0.50', 'tsp', NULL, NULL, NULL, 1, 1),
(153, 25, 71, '0.00', '-', NULL, NULL, NULL, 1, 1),
(154, 25, 164, '1.00', '-', NULL, NULL, NULL, 1, 1),
(155, 25, 165, '1.00', '-', NULL, NULL, NULL, 1, 1),
(156, 25, 147, '4.00', 'tbsp', NULL, NULL, NULL, 1, 1),
(157, 25, 167, '3.00', '-', NULL, NULL, NULL, 1, 1),
(158, 26, 168, '3.00', '-', NULL, NULL, NULL, 1, 1),
(159, 26, 169, '0.50', '-', NULL, NULL, NULL, 1, 1),
(160, 26, 47, '1.00', '  tbsp', NULL, NULL, NULL, 1, 1),
(161, 26, 172, '1.00', 'tbsp', NULL, NULL, NULL, 1, 1),
(162, 27, 17, '0.00', '1', NULL, NULL, NULL, 1, 1),
(163, 26, 174, '1.00', 'tbsp', NULL, NULL, NULL, 1, 1),
(164, 26, 175, '50.00', 'g', NULL, NULL, NULL, 1, 1),
(165, 26, 125, '3.00', '-', NULL, NULL, NULL, 1, 1),
(166, 26, 177, '0.00', '-', NULL, NULL, NULL, 1, 1),
(167, 26, 49, '0.00', '-', NULL, NULL, NULL, 1, 1),
(168, 29, 3, '0.25', 'Cup', NULL, NULL, NULL, 1, 1),
(169, 29, 184, '2.00', '-', NULL, NULL, NULL, 1, 1),
(170, 29, 185, '0.50', '-', NULL, NULL, NULL, 1, 1),
(171, 29, 186, '0.00', '-', NULL, NULL, NULL, 1, 1),
(172, 29, 189, '0.00', ' -', NULL, NULL, NULL, 1, 1),
(173, 29, 188, '0.00', '-', NULL, NULL, NULL, 1, 1),
(174, 29, 49, '0.00', '-', NULL, NULL, NULL, 1, 1),
(175, 30, 191, '500.00', 'gms', NULL, NULL, NULL, 1, 1),
(176, 30, 192, '3.00', '-', NULL, NULL, NULL, 1, 1),
(177, 30, 103, '5.00', '-', NULL, NULL, NULL, 1, 1),
(178, 30, 194, '1.00', '-', NULL, NULL, NULL, 1, 1),
(179, 30, 195, '2.00', '-', NULL, NULL, NULL, 1, 1),
(180, 30, 38, '1.00', 'tbsp', NULL, NULL, NULL, 1, 1),
(181, 30, 47, '0.50', 'tbsp', NULL, NULL, NULL, 1, 1),
(182, 30, 49, '0.00', '-', NULL, NULL, NULL, 1, 1),
(183, 31, 38, '2.00', 'tbsp', NULL, NULL, NULL, 1, 1),
(184, 31, 200, '1.00', '-', NULL, NULL, NULL, 1, 1),
(185, 31, 201, '3.00', '-', NULL, NULL, NULL, 1, 1),
(186, 31, 202, '2.00', '-', NULL, NULL, NULL, 1, 1),
(187, 31, 109, '4.00', '-', NULL, NULL, NULL, 1, 1),
(188, 31, 204, '1.00', 'tbsp', NULL, NULL, NULL, 1, 1),
(189, 31, 48, '2.00', 'tbsp', NULL, NULL, NULL, 1, 1),
(190, 31, 47, '0.50', 'tbsp', NULL, NULL, NULL, 1, 1),
(191, 31, 207, '1.00', '-', NULL, NULL, NULL, 1, 1),
(192, 31, 208, '5.00', '-', NULL, NULL, NULL, 1, 1),
(193, 31, 209, '1.00', '-', NULL, NULL, NULL, 1, 1),
(194, 31, 210, '0.00', '-', NULL, NULL, NULL, 1, 1),
(195, 31, 49, '0.00', '-', NULL, NULL, NULL, 1, 1),
(196, 32, 26, '1.00', 'Cup', NULL, NULL, NULL, 1, 1),
(197, 32, 213, '0.75', 'Cup', NULL, NULL, NULL, 1, 1),
(198, 32, 28, '0.50', 'tsp', NULL, NULL, NULL, 1, 1),
(199, 32, 215, '0.50', 'tsp', NULL, NULL, NULL, 1, 1),
(200, 32, 216, '0.00', '-', NULL, NULL, NULL, 1, 1),
(201, 32, 113, '4.00', 'tbsp', NULL, NULL, NULL, 1, 1),
(202, 32, 218, '1.00', 'tbsp', NULL, NULL, NULL, 1, 1),
(203, 32, 27, '1.00', '-', NULL, NULL, NULL, 1, 1),
(204, 32, 220, '1.00', 'tsp', NULL, NULL, NULL, 1, 1),
(205, 32, 221, '0.50', 'Cup', NULL, NULL, NULL, 1, 1),
(206, 32, 3, '0.25', 'Cup', NULL, NULL, NULL, 1, 1),
(207, 32, 223, '3.00', 'heaped tbsp', NULL, NULL, NULL, 1, 1),
(208, 32, 224, '2.00', 'tbsp', NULL, NULL, NULL, 1, 1),
(209, 33, 225, '1.00', 'Can', NULL, NULL, NULL, 1, 1),
(210, 33, 125, '3.00', '-', NULL, NULL, NULL, 1, 1),
(211, 33, 47, '1.00', 'tbsp', NULL, NULL, NULL, 1, 1),
(212, 33, 228, '2.00', '-', NULL, NULL, NULL, 1, 1),
(213, 33, 229, '1.00', 'tbsp', NULL, NULL, NULL, 1, 1),
(214, 33, 230, '0.00', '-', NULL, NULL, NULL, 1, 1),
(215, 33, 231, '4.00', '-', NULL, NULL, NULL, 1, 1),
(216, 33, 232, '0.50', '-', NULL, NULL, NULL, 1, 1),
(217, 33, 233, '0.00', '-', NULL, NULL, NULL, 1, 1),
(218, 33, 234, '3.00', 'tbsp', NULL, NULL, NULL, 1, 1),
(219, 34, 235, '1.00', 'kg', NULL, NULL, NULL, 1, 1),
(220, 34, 237, '1.00', ' Can', NULL, NULL, NULL, 1, 1),
(221, 34, 238, '1.00', '-', NULL, NULL, NULL, 1, 1),
(222, 34, 239, '1.00', '-', NULL, NULL, NULL, 1, 1),
(223, 34, 240, '2.00', '-', NULL, NULL, NULL, 1, 1),
(224, 34, 38, '1.00', 'tbsp', NULL, NULL, NULL, 1, 1),
(225, 34, 202, '2.00', '-', NULL, NULL, NULL, 1, 1),
(226, 34, 121, '0.50', 'tsp', NULL, NULL, NULL, 1, 1),
(227, 34, 244, '1.00', 'tbsp', NULL, NULL, NULL, 1, 1),
(228, 34, 245, '1.00', 'tbsp', NULL, NULL, NULL, 1, 1),
(229, 34, 49, '0.00', '-', NULL, NULL, NULL, 1, 1),
(230, 35, 247, '1.00', '-', NULL, NULL, NULL, 1, 1),
(231, 35, 101, '0.50', 'tsp', NULL, NULL, NULL, 1, 1),
(232, 35, 125, '2.00', '-', NULL, NULL, NULL, 1, 1),
(233, 35, 250, '1.00', 'Sprig', NULL, NULL, NULL, 1, 1),
(234, 35, 252, '1.00', '-', NULL, NULL, NULL, 1, 1),
(235, 35, 224, '1.00', 'tbsp', NULL, NULL, NULL, 1, 1),
(236, 35, 3, '0.50', 'Cup', NULL, NULL, NULL, 1, 1),
(237, 35, 49, '0.00', '-', NULL, NULL, NULL, 1, 1),
(238, 36, 194, '1.00', '-', NULL, NULL, NULL, 1, 1),
(239, 36, 257, '3.00', '-', NULL, NULL, NULL, 1, 1),
(240, 36, 258, '1.00', 'tbsp', NULL, NULL, NULL, 1, 1),
(241, 36, 259, '2.50', '-', NULL, NULL, NULL, 1, 1),
(242, 36, 38, '1.00', 'tbsp', NULL, NULL, NULL, 1, 1),
(243, 36, 261, '500.00', 'gms', NULL, NULL, NULL, 1, 1),
(244, 36, 262, '0.50', 'tsp', NULL, NULL, NULL, 1, 1),
(245, 36, 49, '0.00', '-', NULL, NULL, NULL, 1, 1),
(246, 36, 264, '1.00', '-', NULL, NULL, NULL, 1, 1),
(247, 36, 265, '0.00', '-', NULL, NULL, NULL, 1, 1),
(248, 37, 266, '3.00', '-', NULL, NULL, NULL, 1, 1),
(249, 37, 46, '0.50', 'tsp', NULL, NULL, NULL, 1, 1),
(250, 37, 45, '1.00', 'Cup', NULL, NULL, NULL, 1, 1),
(251, 37, 269, '1.00', '-', NULL, NULL, NULL, 1, 1),
(252, 38, 271, '500.00', ' gms', NULL, NULL, NULL, 1, 1),
(253, 38, 272, '0.50', 'tsp', NULL, NULL, NULL, 1, 1),
(254, 38, 47, '1.00', 'tbsp', NULL, NULL, NULL, 1, 1),
(255, 38, 274, '2.00', '-', NULL, NULL, NULL, 1, 1),
(256, 38, 125, '4.00', '-', NULL, NULL, NULL, 1, 1),
(257, 38, 259, '0.25', '-', NULL, NULL, NULL, 1, 1),
(258, 38, 195, '2.00', '-', NULL, NULL, NULL, 1, 1),
(259, 39, 278, '0.50', '-', NULL, NULL, NULL, 1, 1),
(260, 39, 138, '0.50', '-', NULL, NULL, NULL, 1, 1),
(261, 39, 125, '3.00', '-', NULL, NULL, NULL, 1, 1),
(262, 39, 281, '0.50', '-', NULL, NULL, NULL, 1, 1),
(263, 39, 47, '1.00', 'tbsp', NULL, NULL, NULL, 1, 1),
(264, 39, 43, '0.00', '-', NULL, NULL, NULL, 1, 1),
(265, 39, 284, '4.00', 'Slices', NULL, NULL, NULL, 1, 1),
(266, 39, 285, '2.00', '-', NULL, NULL, NULL, 1, 1),
(267, 40, 286, '2.00', 'Cups', NULL, NULL, NULL, 1, 1),
(268, 40, 195, '4.00', '-', NULL, NULL, NULL, 1, 1),
(269, 40, 288, '0.00', '-', NULL, NULL, NULL, 1, 1),
(270, 40, 125, '6.00', '-', NULL, NULL, NULL, 1, 1),
(271, 40, 290, '1.00', 'tbsp', NULL, NULL, NULL, 1, 1),
(272, 40, 291, '0.50', 'tbsp', NULL, NULL, NULL, 1, 1),
(273, 40, 38, '2.00', 'tbsp', NULL, NULL, NULL, 1, 1),
(274, 40, 48, '2.00', 'heaped tbsp', NULL, NULL, NULL, 1, 1),
(275, 40, 294, '3.00', '-', NULL, NULL, NULL, 1, 1),
(276, 41, 195, '5.00', '-', NULL, NULL, NULL, 1, 1),
(277, 41, 102, '3.00', '-', NULL, NULL, NULL, 1, 1),
(278, 41, 38, '2.50', 'tbsp', NULL, NULL, NULL, 1, 1),
(279, 41, 298, '1.00', 'kg', NULL, NULL, NULL, 1, 1),
(280, 41, 40, '3.00', '-', NULL, NULL, NULL, 1, 1),
(281, 41, 186, '1.00', 'Large bunch', NULL, NULL, NULL, 1, 1),
(282, 41, 125, '6.00', '-', NULL, NULL, NULL, 1, 1),
(283, 41, 43, '0.00', '-', NULL, NULL, NULL, 1, 1),
(284, 41, 303, '1.00', '-', NULL, NULL, NULL, 1, 1),
(285, 41, 304, '1.00', 'Cup', NULL, NULL, NULL, 1, 1),
(286, 41, 46, '0.50', 'tsp', NULL, NULL, NULL, 1, 1),
(287, 41, 47, '3.00', 'tbsp', NULL, NULL, NULL, 1, 1),
(288, 41, 48, '3.00', 'tbsp', NULL, NULL, NULL, 1, 1),
(289, 41, 49, '0.00', '-', NULL, NULL, NULL, 1, 1),
(290, 42, 309, '5.00', '-', NULL, NULL, NULL, 1, 1),
(291, 42, 12, '1.00', 'tbsp', NULL, NULL, NULL, 1, 1),
(292, 42, 311, '1.00', 'Bunch', NULL, NULL, NULL, 1, 1),
(293, 42, 47, '1.00', 'tbsp', NULL, NULL, NULL, 1, 1),
(294, 42, 121, '0.50', 'tsp', NULL, NULL, NULL, 1, 1),
(295, 42, 172, '1.00', 'tbsp', NULL, NULL, NULL, 1, 1),
(296, 42, 195, '2.00', '-', NULL, NULL, NULL, 1, 1),
(297, 42, 125, '5.00', '-', NULL, NULL, NULL, 1, 1),
(298, 43, 317, '1.00', 'Packet', NULL, NULL, NULL, 1, 1),
(299, 43, 291, '1.00', 'tbsp', NULL, NULL, NULL, 1, 1),
(300, 43, 311, '1.00', 'Bunch', NULL, NULL, NULL, 1, 1),
(301, 43, 47, '1.00', 'tbsp', NULL, NULL, NULL, 1, 1),
(302, 43, 321, '1.00', 'tbsp', NULL, NULL, NULL, 1, 1),
(303, 43, 322, '1.00', 'Bunch', NULL, NULL, NULL, 1, 1);

-- --------------------------------------------------------

--
-- Table structure for table `recipe_nutrition`
--

CREATE TABLE `recipe_nutrition` (
  `id` int(11) NOT NULL,
  `recipe_id` int(11) DEFAULT NULL,
  `calorie` decimal(10,2) DEFAULT '0.00',
  `carbohydrates` decimal(10,2) DEFAULT '0.00',
  `sugars` decimal(10,2) DEFAULT '0.00',
  `fats` decimal(10,2) DEFAULT '0.00',
  `proteins` decimal(10,2) DEFAULT '0.00',
  `sodium` decimal(10,2) DEFAULT '0.00',
  `vitamins` decimal(10,2) DEFAULT '0.00'
) ENGINE=InnoDB DEFAULT CHARSET=utf16;

-- --------------------------------------------------------

--
-- Table structure for table `recipe_ratereview`
--

CREATE TABLE `recipe_ratereview` (
  `id` int(11) NOT NULL,
  `recipe_id` int(11) DEFAULT NULL,
  `user_id` int(11) DEFAULT NULL,
  `rating` decimal(10,2) DEFAULT '0.00' COMMENT 'we can restrict to 5 star system',
  `favorite` int(1) DEFAULT '0',
  `review` varchar(5000) DEFAULT NULL,
  `dateReviewed` timestamp NULL DEFAULT NULL COMMENT 'shows when the user reviewed the recipe',
  `dateFavourited` timestamp NULL DEFAULT NULL COMMENT 'shows when the user favourited the recipe',
  `dateModified` timestamp NULL DEFAULT CURRENT_TIMESTAMP COMMENT 'quick access though the syslog contains a simila info'
) ENGINE=InnoDB DEFAULT CHARSET=utf16 COMMENT='Rating and reviweing recipes';

--
-- Dumping data for table `recipe_ratereview`
--

INSERT INTO `recipe_ratereview` (`id`, `recipe_id`, `user_id`, `rating`, `favorite`, `review`, `dateReviewed`, `dateFavourited`, `dateModified`) VALUES
(1, 1, 1, '1.00', 0, 'This here was the best smoothie,I\'ve ever had', '2016-03-27 23:02:11', '2016-04-02 19:05:29', '2015-03-09 10:05:17'),
(3, 1, 1278, '1.00', 1, 'Man I loved this so so much', '2016-03-27 23:00:53', '2016-06-07 09:20:44', '2016-03-25 15:33:32'),
(4, 7, 1278, '0.00', 1, NULL, '2016-04-02 19:05:18', '2016-03-27 22:18:36', '2016-03-27 22:06:18'),
(6, 14, 1278, '0.00', 0, NULL, '2016-04-02 19:05:21', '2016-05-02 00:07:34', '2016-03-27 22:19:10'),
(10, 1, 4, '4.00', 0, 'This here was the best smoothie,I\'ve ever had', '2016-03-29 19:03:04', '2016-04-02 19:05:25', '2016-03-27 23:06:08'),
(11, 43, 1278, '0.00', 1, NULL, NULL, '2016-04-03 14:06:49', '2016-04-03 14:06:49'),
(12, 43, 4, '4.00', 0, 'This is awesome', '2016-04-15 10:23:30', NULL, '2016-04-03 14:07:48'),
(13, 38, 1278, '0.00', 1, NULL, NULL, '2016-05-02 00:12:30', '2016-04-26 18:36:29'),
(14, 32, 1278, '0.00', 0, NULL, NULL, '2016-05-02 00:08:08', '2016-04-26 18:48:38'),
(15, 35, 1278, '0.00', 0, NULL, NULL, '2016-05-01 23:15:30', '2016-05-01 22:49:16'),
(16, 19, 1278, '0.00', 1, NULL, NULL, '2016-05-02 00:14:29', '2016-05-01 22:53:05'),
(17, 22, 1278, '0.00', 0, NULL, NULL, '2016-05-01 23:05:04', '2016-05-01 22:55:26'),
(18, 34, 1278, '0.00', 1, NULL, NULL, '2016-05-02 14:04:56', '2016-05-01 23:08:54'),
(19, 42, 1278, '0.00', 0, NULL, NULL, '2016-05-01 23:18:16', '2016-05-01 23:18:15'),
(20, 29, 1278, '0.00', 0, NULL, NULL, '2016-05-02 00:03:13', '2016-05-01 23:58:39'),
(21, 35, 40, '0.00', 1, NULL, NULL, '2016-05-17 12:53:42', '2016-05-04 00:55:22'),
(22, 32, 16, '0.00', 1, NULL, NULL, '2016-05-05 08:29:40', '2016-05-05 08:29:40'),
(23, 34, 1356, '0.00', 0, NULL, NULL, '2016-05-06 12:35:23', '2016-05-06 12:35:23'),
(25, 18, 1327, '0.00', 1, NULL, NULL, '2016-05-13 11:25:34', '2016-05-13 11:25:34'),
(26, 38, 16, '0.00', 1, NULL, NULL, '2016-05-16 10:03:55', '2016-05-16 10:03:45'),
(27, 34, 1434, '0.00', 1, NULL, NULL, '2016-05-23 10:41:08', '2016-05-23 10:41:08'),
(28, 34, 1523, '0.00', 1, NULL, NULL, '2016-05-31 17:14:04', '2016-05-31 17:14:04'),
(29, 19, 1636, '0.00', 1, NULL, NULL, '2016-06-07 08:43:46', '2016-06-07 08:43:38');

-- --------------------------------------------------------

--
-- Table structure for table `recipe_steps`
--

CREATE TABLE `recipe_steps` (
  `id` int(11) NOT NULL,
  `recipe_id` int(11) DEFAULT NULL,
  `steporder` int(11) DEFAULT NULL,
  `step` varchar(500) DEFAULT NULL,
  `image` varchar(500) DEFAULT NULL COMMENT 'Location of image if available'
) ENGINE=InnoDB DEFAULT CHARSET=utf16 COMMENT='the steps to take in preparing a recipe';

--
-- Dumping data for table `recipe_steps`
--

INSERT INTO `recipe_steps` (`id`, `recipe_id`, `steporder`, `step`, `image`) VALUES
(1, 1, 1, 'add strawberries to the blender', NULL),
(2, 1, 2, 'add milk', NULL),
(3, 1, 3, 'puree untill smooth', NULL),
(27, 7, 1, 'sift the flour into a large mixing bowl ', NULL),
(34, 17, 1, ' Dice up your onion and soak them in some hot salty water for about 5 minutes. As this is going, mince the garlic and set aside. Dice your tomatoes and put them in a bowl. Add the onions and garlic.', '1. onion and lime guacamole.jpg'),
(35, 18, 1, 'Chop up your pork. Put it in a dish and add all the marinade ingredients. Mix all of them in and let this marinate for 6 - 18 hours. I let mine marinate overnight. Once that is done, put this to boil with all the contents of the marinate together with 1 cup of water or beef stock.', NULL),
(36, 18, 2, 'While that  is going you can prepare the pineaplle salsa. Chop up everything and put in a bowl. Mix it all up and allow it to sit for a while. This allows all the juices to seep out and for everything to blend well. Set it aside.', NULL),
(37, 19, 3, 'Then lastly, add the cream and mix it in. Let this simmer for about 4 minutes then serve. ', NULL),
(38, 20, 2, 'Put some oil to heat in a pan. Add the onion and garlic, together with some salt, the coriander powder and the white pepper. Let this sautee until the onion is soft.', NULL),
(39, 21, 1, 'Add 1 to 2 tablespoon of olive oil to a heated soup pan and fry the onion, ginger together with the basil and white pepper. Allow this to simmer until the onions become soft. You can get some basil in any supermarket from various brands in the spice section, and it is pretty pocket friendly too.', NULL),
(40, 21, 3, 'Mash them up and add a cup of hot water. Mix everything up and cover with a lid. Let this simmer for about 10 - 15 minutes. ', NULL),
(41, 21, 4, 'Remove from the heat and pop into a blender. Blitz it for about a minute. Sieve the tomato soup then laddle into bowls. Garnish with fresh coriander or some coconut cream or heavy cream.', NULL),
(42, 22, 1, ' Half two of the lemons and squeeze their juice. For the remaining lemon, half it then set aside one half for the garnish. For the remaining half, cut it into tiny pieces which shall be used during the brewing of the tea', 'honey1.jpg'),
(43, 22, 2, ' Add some water into a sufuria, about 800 ml. Then pour in the lemon juice and the honey. To this add the lemon pieces and the cinnamon. Let it simmer on medium low heat for about 25 - 30 minutes.', 'honey2.jpg'),
(44, 23, 2, '  In a small bowl, mix your custard powder with a small amount of milk to a paste.', 'cake1.jpg'),
(45, 23, 3, ' Once the milk is beginning to come to a boil, pour in the custard paste and mix it in with a mwiko. Stir until it is evenly mixed with a uniform consistency. Let it stay on the heat for about a minute or two then laddle onto bowls and serve.', 'cake2.jpg'),
(46, 24, 1, ' In a sufuria, put some vegetable oil and salt. Add the onions and let them sautee until they are soft.', 'Broccoli1.jpg'),
(47, 24, 2, ' Then add the cabbage, carrots and the broccoli. Mix it all up and let it stay on the heat undisturbed for about 5 minutes. Then add the peas. Mix them in and let them stay on the heat for about 2 minutes. ', 'Broccoli2.jpg'),
(48, 25, 1, '  Put your fish in a bowl. Add the minced garlic, lemon juice, soy sauce, salt and white pepper. Rub it onto the surface of the fish and then cover with a cling film. Let this marinate in the fridge for about 40 minutes. ', 'Fish1.jpg'),
(49, 25, 2, 'After the time has lapsed, remove from the fridge. Lightly grease a non-stick pan and light fry it. Allow 4 minutes on each side so that it gets a nice golden brown char.', NULL),
(50, 25, 3, 'Lightly sautee the onions until they are soft. This add the grated tomatoes, the lemon juice the honey and tamarind.  Mix it up. Add  cup of water, turn down the heat and then cover to allow it to simmer for 5-7 minutes. After it has thickened begin plating. ', NULL),
(51, 26, 1, ' Pour your yogurt into a bowl. To this add the minced garlic, 1/2 a tablespoon of black pepper, 1 tablespoon of fresh lemon juice, finely chopped spring onion and some salt to taste. Mix it up until all the ingredients are evenly distributed. Set aside and begin working on the stuffing.', 'hotdog1.jpg'),
(52, 26, 2, 'Take your vienna/frankfurter and slice it thinly lengthwise. Do the same to your green bell pepper. Throw these into a frying pan with some heated vegetable oil. Add 1/2 a tablespoon of black pepper and 1 tablespoon of coriander powder. Mix and let this sautee for about 5 - 7 minutes until they become slightly crispy.', NULL),
(53, 29, 1, 'Crack your eggs into a bowl. Add your diced tomatoes, some salt and the fresh coriander and pour in the milk. Whisk all of this until it is evenly mixed.', NULL),
(54, 29, 2, 'Put some oil in your frying pan and heat it. Pour your whisked omelette and turn the heat to medium low. Allow this side 3 - 4 minutes and then flip. ', NULL),
(55, 30, 1, ' Wash your french beans and carrots and dice them up into small pieces. And set them aside.', 'fbeans1.jpg'),
(56, 30, 2, 'Slice your onion and put it in a frying pan with some heated vegetable oil.  Add the pepper and let this sautee until the onions are soft. Add the tomatoes, the tomato paste and the garlic. Mix everything up. ', NULL),
(57, 30, 3, 'Add 1/4 cup of water. Let this simmer for 3 minutes on medium high heat. Add the carrots and let this simmer for about 4 minutes.  Add the french beans and mix them in.', NULL),
(58, 31, 1, 'In a sufuria, heat some vegetable oil and add the onions and garlic. Add the black pepper, cumin powder and salt so that they cook with the onions at this stage. ', NULL),
(59, 31, 2, 'Once the onions have softened, add the tomatoes and the tomato paste. Add 1/4 cup of hot water and let this simmer for about 4 minutes. Then add the carrots and let these simmer for about 2 minutes.  Then add your potatoes.', NULL),
(60, 31, 3, 'Once the potatoes are almost done, add the peas and the green bell pepper. The peas are added towards the end because they were already boiled prior.  You will know the stew is ready when a fork passes through easily through one of the potatoes.', NULL),
(61, 32, 2, 'Add the margarine, orange zest and juice and mix all these just until they are all blended. After that, add your sprinkles and mix them in with your spoon. Do not over mix, or try to smooth out the lumps. This allows the batter to remain thick enough so that the pancakes are nice and full. ', NULL),
(62, 32, 3, 'Lightly grease your frying pan, and laddle your batter on it once it is hot enough. ', NULL),
(63, 32, 4, 'Allow at least 2 minutes on each side, with your pan on medium high, this allows the inside to cook and the outside to have an appetizing golden brown color, then once they are done, serve. ', NULL),
(64, 33, 1, 'Slice your potatoes and put them to boil together with the garlic. ', NULL),
(65, 33, 2, 'Take them from the heat and dice them into small cubes and allow them to cool down just alittle bit.', NULL),
(66, 33, 3, 'Rinse your sweet corn and add to the bowl.  Followed by the tomatoes, garlic, black pepper red onion, finely chopped coriander/parsely and the vinegar.', NULL),
(67, 33, 4, 'Mix everything up. Add the dressing as much as you prefer until the potatoes are coated. Gently stir everything until combined. Taste and adjust seasonings as per your preference. ', NULL),
(68, 34, 1, 'Cut your raw beef up and put it to boil. After it is just ready, add some more water and 3/4 of the can of beer and allow this to boil until all the liquid in the sufuria is gone. Remove the meat from the sufuria and set aside.', NULL),
(69, 34, 2, 'In the same sufuria, add your onions and garlic. Fry them until they are soft. Be careful not to burn the garlic. To this add your tomatoes and tomato paste and mix it all up.', NULL),
(70, 35, 1, ' Cut open your butternut and remove the seeds. Clean them up then dry them. In a frying pan, heat some vegetable oil (very small amount). Add the cleaned butternut seeds and toast them for about 5 minutes or until they turn to a darker shade of brown. Remove from the heat and set them aside. ', NULL),
(71, 35, 2, 'Peel your butternut and chop it up. Have it boil together with the onions, garlic and rosemary. Test if they are done by passing a fork through them and if it does with ease, drain any excess water and mash it up with a mwiko. ', NULL),
(72, 35, 4, 'Return this to the heat and add the milk, your pepper and some salt to taste. Stir this on low heat until it begins to simmer. Then remove from heat and ladle it into your bowls.  Pour some of the heavy cream onto the surface of the soup. Then pass a toothpick through the center of each drop to make dainty streaks at the surface. ', NULL),
(73, 36, 1, 'In a sufuria, heat some oil and add your red onion and the chili powder. Let them saut until they are soft. Add the tomatoes, tomato paste, salt and the ginger and let this simmer for 5-7 minutes. Add 1/4 cup of hot water and mix this all up until it forms a thick sauce. ', NULL),
(74, 36, 2, 'Add the boiled maize and beans to the tomatoes and mix them in. Add another 1/4 cup of hot water, mix and let this simmer for about 10-15 minutes on low heat. ', NULL),
(75, 36, 3, 'Once it is done mix in some fresh coriander and remove from the heat immediately.  Serve with avocado and fresh coriander garnish. ', NULL),
(76, 37, 1, 'Peel your nduma and cut it in 2 inch thick circular slices. You can cut it whichever way you want but I like mine this way since they look neater and boil a lot faster. ', NULL),
(78, 37, 3, 'To coat the nduma, simply dip them in the egg mixture and then roll it in the breadcrumbs. The egg acts as \'glue\' for the crumbs to adhere to and contributes to the crispiness. ', NULL),
(79, 38, 1, 'In a frying pan, heat some vegetable oil. Add the onions, black pepper and the cayenne and fry them until they are soft.', NULL),
(80, 38, 2, 'To this add the nyama choma. Let this fry with the onions on medium high heat until they develop a deeper color. ', NULL),
(81, 39, 1, 'Remove the crust from the chicken and using a fork, strip the flesh off the chicken by scrapping it off. If your chicken does not have a crust, just begin by scraping it off. ', NULL),
(82, 39, 2, 'Heat some vegetable oil in a pan and add the chicken strips together with the black pepper. Allow them to stay on the heat for about 5 minutes or until they develop a deeper brown color. ', NULL),
(83, 39, 3, 'Remove from the heat and set aside. In the same pan, fry your onions and green bell peppers until they have softened. This will take 2-4 minutes. ', NULL),
(84, 39, 4, 'Remove from heat and set aside. Put your bread on a grill with some cheese on top. Add the chicken. Once the cheese starts melting, and more on top of the chicken followed by the peppers and onion, lastly, the fresh tomatoes. Top this with the top piece of bread then dig in!', NULL),
(85, 40, 2, 'In a separate sufuria, heat your vegetable oil and add your cumin seeds. Once they start to sizzle, add the spring onion and let this stay on the heat for about 2 minutes, or until they soften. ', NULL),
(86, 40, 3, 'Add the grated tomatoes and the garlic and mix. Follow this with the two table spoons of tomato paste. Add 1/4 cup of hot water, turn down the heat and let this simmer for about 5 minutes. ', NULL),
(87, 40, 4, 'Add your ndengu and the diced carrots and mix it in with everything. Mix in your royco and black pepper with some hot water to form a paste and mix it with the ndengu. ', NULL),
(88, 41, 1, 'Put your minced beef in a large bowl. Take your raw sausage and squeeze the meat into the bowl. Mix it roughly. Then add the pepper, nutmeg, bread crumbs, whisked egg, the cheese and half of the chopped coriander. ', NULL),
(89, 41, 3, ' Put some oil in a large pan or a flat grill and grill or shallow fry the balls. It should take about 8-10 minutes for them to cook through. You can break one ball to ascertain whether they are done. After this, set them aside as you prepare the sauce. ', 'cheddar2.jpg'),
(90, 41, 6, 'Ensure you have some coriander left for garnishing. Then throw your meatballs into the sauce and allow this to simmer on low heat for 10-15 minutes. If you feel the sauce is reducing, you can add some hot water or beef stock to increase its volume (1/4 cup at a time to retain the thickness).  If you like, you can add some cheese then you let this simmer for extra flavor. I highly recommend this step as it is exactly what I did. ', NULL),
(91, 42, 1, 'Cut your potatoes into chips and fry them as usual. Set them side and allow them to drain in a paper towel. ', NULL),
(92, 42, 2, 'In a separate pan, add your half of your coriander leaves and all the stalks and let them fry lightly.  ', NULL),
(93, 42, 3, 'Add all the spices to this together with some hot water and mix. Let this stay on the heat and simmer on low heat for about 5 minutes so that all the flavors meld. ', NULL),
(94, 42, 4, 'After this, ad your fries and the garlic then mix them all together. Allow this to remain on the heat for about two minutes. Add the remaining coriander leaves, mix them in then serve.', NULL),
(95, 43, 2, 'In a separate sufuria, put some vegetable oil and heat it. Place your cumin seeds. Allow them to cook just until you can smell their aroma. Do not let them burn.', NULL),
(96, 43, 3, 'Add your spring onion, coriander stalks and black pepper. Mix these and let them simmer for about 3 minutes or until they soften. ', NULL),
(97, 43, 4, 'Then, add your cooked pasta and the table spoon of dark mushroom soy sauce. Mix it all. Let this stay in the heat for about 5 minutes then serve. ', NULL),
(98, 43, 5, 'Mix in some of the coriander leaves with the pasta dish and leave some for garnishing. ', NULL);

-- --------------------------------------------------------

--
-- Table structure for table `restaurant`
--

CREATE TABLE `restaurant` (
  `id` int(11) NOT NULL,
  `rest_type` varchar(50) DEFAULT '0' COMMENT 'only one ENGINE per restaurant e.g general, indian,italian etc',
  `name` varchar(50) DEFAULT NULL,
  `about` text,
  `cover` varchar(50) DEFAULT NULL,
  `address` varchar(250) DEFAULT NULL,
  `lat` double DEFAULT NULL COMMENT 'Quick access. syslogs also have similar info',
  `lon` double DEFAULT NULL,
  `rating` decimal(10,2) DEFAULT NULL,
  `openat` time DEFAULT NULL,
  `closeat` time DEFAULT NULL,
  `manager` varchar(50) DEFAULT NULL,
  `contacts` varchar(250) DEFAULT NULL,
  `thedate` timestamp NULL DEFAULT CURRENT_TIMESTAMP
) ENGINE=InnoDB DEFAULT CHARSET=utf16 COMMENT='list of all collaborating restaurants and their menus';

--
-- Dumping data for table `restaurant`
--

INSERT INTO `restaurant` (`id`, `rest_type`, `name`, `about`, `cover`, `address`, `lat`, `lon`, `rating`, `openat`, `closeat`, `manager`, `contacts`, `thedate`) VALUES
(1, 'Chinese', 'Chinese Restaurant', 'Awesome place for aamazing chinese quisine', '001.jpg', 'Vilage market ', -1.21822761, 36.8878958, '2.00', '08:00:00', '21:00:00', 'Kamau Murihu', '0721882992', '2015-03-23 16:02:16'),
(2, '0', 'The Sankara Nairobi', 'The place to be in westlands', '002.jpg', 'woodvale groove nairobi', -1.2892999, 37.9903232, '2.00', '12:00:00', '13:00:00', 'Wanjiku', '0721909009', '0000-00-00 00:00:00');

-- --------------------------------------------------------

--
-- Table structure for table `restaurant_images`
--

CREATE TABLE `restaurant_images` (
  `id` int(11) NOT NULL,
  `restaurant_id` int(11) DEFAULT NULL,
  `image` varchar(50) DEFAULT NULL,
  `notes` varchar(250) DEFAULT NULL COMMENT 'small description of the image e.g. front/bar/etc',
  `thedate` varchar(45) DEFAULT 'CURRENT_TIMESTAMP ON UPDATE CURRENT_TIMESTAMP'
) ENGINE=InnoDB DEFAULT CHARSET=utf16 COMMENT='Images t oshowcase the restaurant';

-- --------------------------------------------------------

--
-- Table structure for table `restaurant_menu`
--

CREATE TABLE `restaurant_menu` (
  `id` int(11) NOT NULL,
  `restaurant_id` int(11) NOT NULL DEFAULT '0',
  `cover` varchar(50) DEFAULT NULL COMMENT 'Image of the menu item cropped from the menu',
  `rating` decimal(10,2) DEFAULT NULL,
  `name` varchar(50) DEFAULT NULL COMMENT 'Meal name',
  `description` varchar(1000) NOT NULL,
  `price` decimal(10,2) DEFAULT NULL,
  `servings` int(11) DEFAULT NULL,
  `thedate` timestamp NULL DEFAULT CURRENT_TIMESTAMP ON UPDATE CURRENT_TIMESTAMP
) ENGINE=InnoDB DEFAULT CHARSET=utf16 COMMENT='Contains data to d owith a restaurants menu';

--
-- Dumping data for table `restaurant_menu`
--

INSERT INTO `restaurant_menu` (`id`, `restaurant_id`, `cover`, `rating`, `name`, `description`, `price`, `servings`, `thedate`) VALUES
(1, 1, '001.jpg', '3.00', 'Mixed Vegetable rice', '', '1200.00', 1, '2015-03-23 17:08:25');

-- --------------------------------------------------------

--
-- Table structure for table `restaurant_ratereview`
--

CREATE TABLE `restaurant_ratereview` (
  `id` int(11) NOT NULL,
  `restaurant_id` int(11) DEFAULT NULL,
  `user_id` int(11) DEFAULT NULL,
  `rating` decimal(10,2) DEFAULT NULL COMMENT 'we can restrict to 5 star system',
  `favorite` int(1) DEFAULT '0',
  `review` varchar(5000) DEFAULT NULL,
  `thedate` timestamp NULL DEFAULT CURRENT_TIMESTAMP COMMENT 'quick access though the syslog contains a similar info'
) ENGINE=InnoDB DEFAULT CHARSET=utf16 COMMENT='Rating and reviweing recipes' ROW_FORMAT=COMPACT;

-- --------------------------------------------------------

--
-- Table structure for table `rest_menu_ingr`
--

CREATE TABLE `rest_menu_ingr` (
  `id` int(11) NOT NULL,
  `rest_menu_id` int(11) NOT NULL DEFAULT '0',
  `name` varchar(50) DEFAULT NULL
) ENGINE=InnoDB DEFAULT CHARSET=utf16;

--
-- Dumping data for table `rest_menu_ingr`
--

INSERT INTO `rest_menu_ingr` (`id`, `rest_menu_id`, `name`) VALUES
(1, 1, 'chicken'),
(2, 1, 'rice');

-- --------------------------------------------------------

--
-- Table structure for table `servingTypes`
--

CREATE TABLE `servingTypes` (
  `servingTypeID` int(11) NOT NULL,
  `type` varchar(45) DEFAULT NULL COMMENT 'a type e.g cup,plate serving etc.',
  `description` varchar(500) DEFAULT NULL COMMENT 'A short description of the serving type',
  `insertedBy` int(11) DEFAULT '4',
  `dateCreated` timestamp NULL DEFAULT NULL,
  `updatedBy` int(11) DEFAULT '4',
  `dateModified` timestamp NULL DEFAULT CURRENT_TIMESTAMP
) ENGINE=InnoDB DEFAULT CHARSET=latin1;

--
-- Dumping data for table `servingTypes`
--

INSERT INTO `servingTypes` (`servingTypeID`, `type`, `description`, `insertedBy`, `dateCreated`, `updatedBy`, `dateModified`) VALUES
(1, 'Serving(s)', 'a generic representation of a serving', 4, '2016-04-04 19:02:01', 4, '2016-04-04 19:02:01'),
(3, 'Plate(s)', 'a plate of food', 4, '2016-04-04 19:03:00', 4, '2016-04-04 19:03:00'),
(4, 'Mason jar', 'mason jar', 4, '2016-04-04 19:03:24', 4, '2016-04-04 19:03:24'),
(5, 'Salad Bowl', 'Salad Bowl', 4, '2016-04-04 19:04:31', 4, '2016-04-04 19:04:31'),
(6, 'Bowl', 'a simple bowl', 4, '2016-04-04 19:04:49', 4, '2016-04-04 19:04:49'),
(7, 'Side bowl', 'Side bowl', 4, '2016-04-04 19:05:17', 4, '2016-04-04 19:05:17'),
(8, 'Mug', 'a mug', 4, '2016-04-04 19:05:36', 4, '2016-04-04 19:05:36'),
(9, 'Serving bowl', 'this bowl is for serving man', 4, '2016-04-04 19:06:08', 4, '2016-04-04 19:06:08'),
(10, 'Soup bowl', 'this one is for soup', 4, '2016-04-04 19:06:35', 4, '2016-04-04 19:06:35'),
(11, 'Serving Dish', 'a serving dish', 4, '2016-04-04 19:06:59', 4, '2016-04-04 19:06:59'),
(12, 'Serving Platter', 'A large plate,usually serves more than one person', 4, '2016-04-04 19:15:27', 4, '2016-04-04 19:15:30');

-- --------------------------------------------------------

--
-- Table structure for table `sharing`
--

CREATE TABLE `sharing` (
  `id` int(11) NOT NULL,
  `user_id` int(11) DEFAULT NULL,
  `platform` varchar(50) DEFAULT NULL COMMENT 'Facebook/Pika/twitter/Pininterest/G+ etc',
  `share_link` varchar(500) DEFAULT NULL COMMENT 'html link for the share + images -> can be created on the fly',
  `source` varchar(50) DEFAULT NULL COMMENT 'Main table we are sharing or the view/idea-> this will not have its own table, since we will decide as we go along',
  `source_id` int(11) DEFAULT NULL COMMENT 'FK of the shares table/view::: cannot be mapped on FK since it is dynamic'
) ENGINE=InnoDB DEFAULT CHARSET=utf16 COMMENT='the share table to show who shared what when and how';

-- --------------------------------------------------------

--
-- Table structure for table `syslogs`
--

CREATE TABLE `syslogs` (
  `id` int(11) NOT NULL,
  `user_id` int(11) DEFAULT NULL COMMENT 'system logs are -1',
  `action` varchar(50) DEFAULT NULL COMMENT 'CREATE/DELETE/INSERT/UPDATE/ETC',
  `transaction_type` varchar(50) DEFAULT NULL COMMENT 'SQL TYPE',
  `transaction_table` varchar(50) DEFAULT NULL,
  `transaction_tableid` int(11) DEFAULT NULL,
  `sqlstt` varchar(3000) DEFAULT NULL,
  `thedate` timestamp NULL DEFAULT CURRENT_TIMESTAMP
) ENGINE=InnoDB DEFAULT CHARSET=utf16 COMMENT='All useractions are logged here';

-- --------------------------------------------------------

--
-- Table structure for table `tags`
--

CREATE TABLE `tags` (
  `tagID` int(11) NOT NULL,
  `tag` varchar(45) DEFAULT NULL,
  `insertedBy` int(11) DEFAULT '4',
  `dateCreated` timestamp NULL DEFAULT NULL,
  `updatedBy` int(11) DEFAULT '4',
  `dateModified` timestamp NULL DEFAULT CURRENT_TIMESTAMP
) ENGINE=InnoDB DEFAULT CHARSET=latin1 COMMENT='These are single words or phrases that best describe a particular recipe.We''ll use them while searching';

--
-- Dumping data for table `tags`
--

INSERT INTO `tags` (`tagID`, `tag`, `insertedBy`, `dateCreated`, `updatedBy`, `dateModified`) VALUES
(1, 'strawberry', 4, '2016-04-05 04:18:26', 4, '2016-04-05 04:18:26'),
(2, 'milkshake', 4, '2016-04-05 04:18:34', 4, '2016-04-05 04:18:34'),
(3, 'coconut', 4, '2016-04-05 04:19:20', 4, '2016-04-05 04:19:20'),
(4, 'smoothie', 4, '2016-04-05 04:19:33', 4, '2016-04-05 04:19:33'),
(5, 'red grapes', 4, '2016-04-05 04:19:47', 4, '2016-04-05 04:19:47'),
(6, 'vanilla', 4, '2016-04-05 04:20:16', 4, '2016-04-05 04:20:16'),
(19, 'Sheena\'\'s Kitchen', 4, '2016-04-10 18:09:50', 4, '2016-04-10 18:09:50'),
(21, 'Oats', 4, '2016-04-10 18:11:13', 4, '2016-04-10 18:11:13'),
(22, 'Raisins', 4, '2016-04-10 18:11:13', 4, '2016-04-10 18:11:13'),
(23, 'Pancakes', 4, '2016-04-10 18:11:13', 4, '2016-04-10 18:11:13'),
(24, 'Strawberries', 4, '2016-04-10 18:11:13', 4, '2016-04-10 18:11:13'),
(26, 'Feta Cheese', 4, '2016-04-10 18:15:54', 4, '2016-04-10 18:15:54'),
(27, 'Capsicum', 4, '2016-04-10 18:15:54', 4, '2016-04-10 18:15:54'),
(28, 'Salad', 4, '2016-04-10 18:15:54', 4, '2016-04-10 18:15:54'),
(30, 'Minced meat', 4, '2016-04-10 18:16:22', 4, '2016-04-10 18:16:22'),
(31, 'Vegetable soup', 4, '2016-04-10 18:16:22', 4, '2016-04-10 18:16:22'),
(32, 'Yellow lentils', 4, '2016-04-10 18:16:51', 4, '2016-04-10 18:16:51'),
(33, 'Curry', 4, '2016-04-10 18:16:51', 4, '2016-04-10 18:16:51'),
(35, 'Onion', 4, '2016-04-10 18:17:10', 4, '2016-04-10 18:17:10'),
(36, 'Lime', 4, '2016-04-10 18:17:10', 4, '2016-04-10 18:17:10'),
(37, 'Guacamole', 4, '2016-04-10 18:17:10', 4, '2016-04-10 18:17:10'),
(38, 'Kaluhi\'\'s Kitchen', 4, '2016-04-10 18:17:10', 4, '2016-04-10 18:17:10'),
(39, 'Sweet and Sour Pork', 4, '2016-04-10 18:17:25', 4, '2016-04-10 18:17:25'),
(40, 'Pineapple Salsa', 4, '2016-04-10 18:17:25', 4, '2016-04-10 18:17:25'),
(42, 'Creamed Garlic Kunde', 4, '2016-04-10 18:17:42', 4, '2016-04-10 18:17:42'),
(44, 'Broccoli and Garlic Penne', 4, '2016-04-10 18:17:54', 4, '2016-04-10 18:17:54'),
(45, 'Stir fry', 4, '2016-04-10 18:17:54', 4, '2016-04-10 18:17:54'),
(47, 'Ginger and Tomato Soup', 4, '2016-04-10 18:18:11', 4, '2016-04-10 18:18:11'),
(49, 'Honey', 4, '2016-04-10 18:18:25', 4, '2016-04-10 18:18:25'),
(50, ' Lemon', 4, '2016-04-10 18:18:25', 4, '2016-04-10 18:18:25'),
(51, 'Cinnamon', 4, '2016-04-10 18:18:25', 4, '2016-04-10 18:18:25'),
(52, 'Tea', 4, '2016-04-10 18:18:25', 4, '2016-04-10 18:18:25'),
(53, 'Kaluhi\'\'s Kitchen.', 4, '2016-04-10 18:18:25', 4, '2016-04-10 18:18:25'),
(54, 'Cake', 4, '2016-04-10 18:18:37', 4, '2016-04-10 18:18:37'),
(55, 'Custard', 4, '2016-04-10 18:18:37', 4, '2016-04-10 18:18:37'),
(65, 'Broccoli', 4, '2016-04-10 18:20:30', 4, '2016-04-10 18:20:30'),
(66, 'Pea', 4, '2016-04-10 18:20:30', 4, '2016-04-10 18:20:30'),
(67, 'Cabbage', 4, '2016-04-10 18:20:30', 4, '2016-04-10 18:20:30'),
(70, 'Pan fried', 4, '2016-04-10 18:20:39', 4, '2016-04-10 18:20:39'),
(71, 'Fish', 4, '2016-04-10 18:20:39', 4, '2016-04-10 18:20:39'),
(72, 'Sweet and Sour', 4, '2016-04-10 18:20:39', 4, '2016-04-10 18:20:39'),
(73, 'Ukwaju Sauce', 4, '2016-04-10 18:20:39', 4, '2016-04-10 18:20:39'),
(75, 'Peppery Hotdog', 4, '2016-04-10 18:20:48', 4, '2016-04-10 18:20:48'),
(76, 'Lemon', 4, '2016-04-10 18:20:48', 4, '2016-04-10 18:20:48'),
(77, 'Garlic Plain Yogurt Sauce', 4, '2016-04-10 18:20:48', 4, '2016-04-10 18:20:48'),
(79, 'Chicken', 4, '2016-04-10 18:21:18', 4, '2016-04-10 18:21:18'),
(80, 'Cumin', 4, '2016-04-10 18:21:18', 4, '2016-04-10 18:21:18'),
(81, 'Rosemary', 4, '2016-04-10 18:21:18', 4, '2016-04-10 18:21:18'),
(82, 'Avocado', 4, '2016-04-10 18:21:27', 4, '2016-04-10 18:21:27'),
(84, 'Sesame Seed', 4, '2016-04-10 18:22:46', 4, '2016-04-10 18:22:46'),
(85, 'Milky Omelette', 4, '2016-04-10 18:22:46', 4, '2016-04-10 18:22:46'),
(87, 'Garlick', 4, '2016-04-10 18:23:11', 4, '2016-04-10 18:23:11'),
(88, 'French Beans', 4, '2016-04-10 18:23:11', 4, '2016-04-10 18:23:11'),
(89, 'Carrots', 4, '2016-04-10 18:23:11', 4, '2016-04-10 18:23:11'),
(91, 'Peas', 4, '2016-04-10 18:23:44', 4, '2016-04-10 18:23:44'),
(92, 'Potato Stew', 4, '2016-04-10 18:23:44', 4, '2016-04-10 18:23:44'),
(94, 'Orange Zest', 4, '2016-04-10 18:23:52', 4, '2016-04-10 18:23:52'),
(95, 'Funfetti', 4, '2016-04-10 18:23:52', 4, '2016-04-10 18:23:52'),
(98, 'Spicy', 4, '2016-04-10 18:24:00', 4, '2016-04-10 18:24:00'),
(99, 'Beef', 4, '2016-04-10 18:24:00', 4, '2016-04-10 18:24:00'),
(101, 'Stew', 4, '2016-04-10 18:24:00', 4, '2016-04-10 18:24:00'),
(103, 'Butternut', 4, '2016-04-10 18:24:07', 4, '2016-04-10 18:24:07'),
(104, 'Soup', 4, '2016-04-10 18:24:07', 4, '2016-04-10 18:24:07'),
(105, 'Crispy', 4, '2016-04-10 18:24:07', 4, '2016-04-10 18:24:07'),
(106, 'Toasted', 4, '2016-04-10 18:24:07', 4, '2016-04-10 18:24:07'),
(107, 'Seeds', 4, '2016-04-10 18:24:07', 4, '2016-04-10 18:24:07'),
(109, 'Chilli', 4, '2016-04-10 18:24:17', 4, '2016-04-10 18:24:17'),
(110, 'Ginger', 4, '2016-04-10 18:24:17', 4, '2016-04-10 18:24:17'),
(111, 'Githeri', 4, '2016-04-10 18:24:17', 4, '2016-04-10 18:24:17'),
(113, 'Cayenne', 4, '2016-04-10 18:27:36', 4, '2016-04-10 18:27:36'),
(114, 'Red Onion', 4, '2016-04-10 18:27:36', 4, '2016-04-10 18:27:36'),
(115, 'Nyamachoma', 4, '2016-04-10 18:27:36', 4, '2016-04-10 18:27:36'),
(116, 'Nyama Choma', 4, '2016-04-10 18:27:36', 4, '2016-04-10 18:27:36'),
(117, 'Dry', 4, '2016-04-10 18:27:36', 4, '2016-04-10 18:27:36'),
(118, 'Fry', 4, '2016-04-10 18:27:36', 4, '2016-04-10 18:27:36'),
(120, 'Grilled', 4, '2016-04-10 18:27:47', 4, '2016-04-10 18:27:47'),
(121, 'Cheese', 4, '2016-04-10 18:27:47', 4, '2016-04-10 18:27:47'),
(123, 'Sandwich', 4, '2016-04-10 18:27:47', 4, '2016-04-10 18:27:47'),
(125, 'Pepper', 4, '2016-04-10 18:28:01', 4, '2016-04-10 18:28:01'),
(126, 'Garlic', 4, '2016-04-10 18:28:01', 4, '2016-04-10 18:28:01'),
(127, 'Carrot', 4, '2016-04-10 18:28:01', 4, '2016-04-10 18:28:01'),
(128, 'Ndengu', 4, '2016-04-10 18:28:01', 4, '2016-04-10 18:28:01'),
(130, 'Pork Sausage', 4, '2016-04-10 18:28:13', 4, '2016-04-10 18:28:13'),
(132, 'Cheddar', 4, '2016-04-10 18:28:13', 4, '2016-04-10 18:28:13'),
(133, 'Meatballs', 4, '2016-04-10 18:28:13', 4, '2016-04-10 18:28:13'),
(136, 'Masala', 4, '2016-04-10 18:28:24', 4, '2016-04-10 18:28:24'),
(137, 'Fries', 4, '2016-04-10 18:28:24', 4, '2016-04-10 18:28:24'),
(139, 'Spring Onion', 4, '2016-04-10 18:28:34', 4, '2016-04-10 18:28:34'),
(140, 'Cumin Seed', 4, '2016-04-10 18:28:34', 4, '2016-04-10 18:28:34'),
(141, 'Farfelle', 4, '2016-04-10 18:28:34', 4, '2016-04-10 18:28:34');

-- --------------------------------------------------------

--
-- Table structure for table `userPrivateNotes`
--

CREATE TABLE `userPrivateNotes` (
  `userPrivateNoteID` int(11) NOT NULL,
  `userID` int(11) NOT NULL,
  `recipeID` int(11) NOT NULL,
  `privateNote` varchar(1000) DEFAULT NULL,
  `dateCreated` timestamp NULL DEFAULT NULL,
  `dateModified` timestamp NULL DEFAULT CURRENT_TIMESTAMP
) ENGINE=InnoDB DEFAULT CHARSET=latin1;

--
-- Dumping data for table `userPrivateNotes`
--

INSERT INTO `userPrivateNotes` (`userPrivateNoteID`, `userID`, `recipeID`, `privateNote`, `dateCreated`, `dateModified`) VALUES
(5, 1278, 1, 'This is the awesome note', '2016-04-15 06:34:26', '2016-04-15 06:34:26');

-- --------------------------------------------------------

--
-- Table structure for table `users`
--

CREATE TABLE `users` (
  `id` int(11) NOT NULL,
  `names` varchar(50) DEFAULT NULL,
  `phone` varchar(50) DEFAULT NULL,
  `email` varchar(50) DEFAULT NULL,
  `company` varchar(50) DEFAULT NULL,
  `password` varchar(50) DEFAULT NULL,
  `cover` varchar(50) DEFAULT 'default.png' COMMENT 'image',
  `avatar` varchar(50) DEFAULT NULL,
  `userBio` varchar(250) DEFAULT NULL,
  `logintype` varchar(50) DEFAULT 'default.png',
  `thedate` timestamp NULL DEFAULT CURRENT_TIMESTAMP,
  `role` varchar(50) DEFAULT 'Author',
  `state` int(1) DEFAULT '0'
) ENGINE=InnoDB DEFAULT CHARSET=utf16;

--
-- Dumping data for table `users`
--

INSERT INTO `users` (`id`, `names`, `phone`, `email`, `company`, `password`, `cover`, `avatar`, `userBio`, `logintype`, `thedate`, `role`, `state`) VALUES
(1, 'Mem Maina', '254722823746', 'memmaina@hotmail.com', 'MJE', 'e10adc3949ba59abbe56e057f20f883e', 'user.jpg', NULL, NULL, 'default.png', '2014-11-15 04:25:12', 'Author', 1),
(2, 'Fauzia\'s Kitchen', '254721188882', 'info@fauziakitchenfun.com', 'Fauzia\'s Kitchen', 'e10adc3949ba59abbe56e057f20f883e', 'u002.png', NULL, NULL, 'default.png', '2015-03-17 10:22:13', 'Author', 1),
(3, 'Ronnie', '0724052900', 'ronnie@example.com', 'MJE', 'e10adc3949ba59abbe56e057f20f883e', 'default.png', NULL, NULL, 'default.png', '2015-05-20 06:43:33', 'Approver', 1),
(4, 'Admin', '0736728687', 'admin@example.com', 'Pika', 'e10adc3949ba59abbe56e057f20f883e', 'default.png', NULL, NULL, 'default.png', '2015-05-20 06:45:03', 'Admin', 1),
(6, 'Example User', '0788998999', 'example@email.com', NULL, 'e10adc3949ba59abbe56e057f20f883e', 'default.png', NULL, NULL, 'default.png', '2015-05-22 18:03:28', 'Approver', 1),
(9, 'Sheena\'s Kitchen', '0710449633', 'info@sheenaskitchen.com', NULL, 'e10adc3949ba59abbe56e057f20f883e', 'sheena.png', NULL, NULL, 'default.png', '2015-05-22 19:15:06', 'Author', 1),
(10, 'African Kaya', '0712317349', 'wangeci@africankaya.com', NULL, 'e10adc3949ba59abbe56e057f20f883e', 'default.png', NULL, NULL, 'default.png', '2015-05-23 06:36:57', 'Author', 1),
(11, 'Kaluhi\'s Kitchen', '0725560365', 'kaluhiskitchen@gmail.com', NULL, 'e10adc3949ba59abbe56e057f20f883e', 'kaluhi.png', NULL, NULL, 'default.png', '2015-05-23 06:42:35', 'Author', 1),
(12, 'Leo Tunapika', '0728099426', 'leotunapika@gmail.com', NULL, 'e10adc3949ba59abbe56e057f20f883e', 'default.png', NULL, NULL, 'default.png', '2015-05-23 06:48:50', 'Author', 1),
(13, 'Pendo La Mama', '0735164315', 'jikoni@pendolamama.co.ke', NULL, 'e10adc3949ba59abbe56e057f20f883e', 'default.png', NULL, NULL, 'default.png', '2015-05-23 06:54:21', 'Author', 1),
(14, 'Kulambia', '0712345678', 'csokoto@gmail.com', NULL, 'e10adc3949ba59abbe56e057f20f883e', 'default.png', NULL, NULL, 'default.png', '2015-05-23 06:59:29', 'Author', 1),
(15, 'teytey', '0702597429', 'teytey@example.com', NULL, 'e10adc3949ba59abbe56e057f20f883e', 'default.png', NULL, NULL, 'default.png', '2015-05-24 15:02:02', 'Author', 1),
(16, 'Wilfred Waihura', NULL, 'kareithiwilfred@gmail.com', NULL, NULL, 'https://lh5.googleusercontent.com/-XKW5bHh0Dt0/AAA', NULL, NULL, 'gplus', '2015-05-25 12:39:26', 'Author', 0),
(17, 'Fridah Wanjiku', NULL, 'wanjikulm@gmail.com', NULL, NULL, 'https://lh5.googleusercontent.com/--qwVoXfm1gM/AAA', NULL, NULL, 'gplus', '2015-05-27 16:52:39', 'Author', 0),
(19, 'Michael Muriuki Waihura', NULL, 'michael.muriuki@cellulant.com', NULL, NULL, '10204161620695956', NULL, NULL, 'fb', '2015-05-28 08:24:24', 'Author', 0),
(22, 'Wakini Mwangi', NULL, 'perisw@gmail.com', NULL, NULL, '10206727642530885', NULL, NULL, 'fb', '2015-06-01 07:52:02', 'Author', 0),
(24, 'Freewillie Dopeboy Kareithi', NULL, 'kiashinekareithi@gmail.com', NULL, NULL, '875925619129230', NULL, NULL, 'fb', '2015-06-01 07:53:56', 'Author', 0),
(40, 'Tracy Otieno', NULL, 'mutwishnyayala@yahoo.com', NULL, NULL, '10101315682848283', NULL, NULL, 'fb', '2015-06-04 13:49:52', 'Author', 0),
(47, 'Pharis Bono', NULL, 'pharisbonomaina@yahoo.com', NULL, NULL, '10153262956200673', NULL, NULL, 'fb', '2015-06-09 15:26:35', 'Author', 0),
(49, 'Mucunguzi Ayebare', NULL, 'mcngzbrooks@gmail.com', NULL, NULL, '10204368373145745', NULL, NULL, 'fb', '2015-06-16 06:08:31', 'Author', 0),
(60, 'Kerioh Thomas', NULL, 'kerioh2@yahoo.com', NULL, NULL, '10203322065651105', NULL, NULL, 'fb', '2015-07-17 11:31:59', 'Author', 0),
(78, 'Mura Nhekairo', NULL, 'mura.nhekairo@gmail.com', NULL, NULL, 'https://lh5.googleusercontent.com/-unO7XmugDF0/AAA', NULL, NULL, 'gplus', '2015-08-10 07:45:05', 'Author', 0),
(120, 'Sheena Amario', NULL, 'blucrystar@yahoo.com', NULL, NULL, '10155979628060243', NULL, NULL, 'fb', '2015-08-18 08:36:08', 'Author', 0),
(161, 'Lilian Musonye Litafali', NULL, 'lilymusonye@gmail.com', NULL, NULL, '10203567453065520', NULL, NULL, 'fb', '2015-10-11 11:53:15', 'Author', 0),
(245, 'Munene Njagi', NULL, 'godfreymunene@yahoo.ca', NULL, NULL, '10203333692902122', NULL, NULL, 'fb', '2015-10-19 16:18:25', 'Author', 0),
(247, 'Joe Alex Kimani', NULL, 'alexk249076@gmail.com', NULL, NULL, '1052651234753920', NULL, NULL, 'fb', '2015-10-20 08:14:21', 'Author', 0),
(249, 'Terrific Terry Ndung\'u', NULL, 'terrywnjk@yahoo.com', NULL, NULL, '10153102706191022', NULL, NULL, 'fb', '2015-10-21 17:29:02', 'Author', 0),
(251, 'Nelly Kagwiria Muguna', NULL, 'kagwiria165@hotmail.com', NULL, NULL, '10206964222578352', NULL, NULL, 'fb', '2015-10-22 07:24:07', 'Author', 0),
(254, 'Derik R. Owiti', NULL, 'derik.owiti@gmail.com', NULL, NULL, '10201131477885696', NULL, NULL, 'fb', '2015-10-22 08:43:03', 'Author', 0),
(256, 'Antony Kimathi', NULL, 'markantony.kim65@yahoo.com', NULL, NULL, '992677807458181', NULL, NULL, 'fb', '2015-10-28 15:32:35', 'Author', 0),
(261, 'Ciru Mungai', NULL, 'shirocaro2008@yahoo.com', NULL, NULL, '10201162059210430', NULL, NULL, 'fb', '2015-10-30 11:49:30', 'Author', 0),
(286, 'Lucy Abbie Opiyo', NULL, 'edgarmichaelz2@outlook.com', NULL, NULL, '858305610957071', NULL, NULL, 'fb', '2015-11-03 14:27:54', 'Author', 0),
(298, 'Sunshine Dazntcare', NULL, 'evasunshinepeters@yahoo.com', NULL, NULL, '10205724150769420', NULL, NULL, 'fb', '2015-11-06 11:54:08', 'Author', 0),
(299, 'Alionns S Wambui', NULL, 'sarahwambui34@gmail.com', NULL, NULL, '961272693940217', NULL, NULL, 'fb', '2015-11-07 04:55:35', 'Author', 0),
(301, 'Odinga Steve', NULL, 'stodinga84@yahoo.com', NULL, NULL, '990978864277327', NULL, NULL, 'fb', '2015-11-07 11:09:58', 'Author', 0),
(310, 'Grays Kairo', NULL, 'grayscairo@yahoo.com', NULL, NULL, '10207866951097521', NULL, NULL, 'fb', '2015-11-09 07:43:53', 'Author', 0),
(316, 'Claire Otieno', NULL, 'ranyamut@gmail.com', NULL, NULL, '1049824668382425', NULL, NULL, 'fb', '2015-11-13 05:50:08', 'Author', 0),
(318, 'Keshy Wa Leah', NULL, 'wangeshy@gmail.com', NULL, NULL, '10208727955983402', NULL, NULL, 'fb', '2015-11-14 09:48:33', 'Author', 0),
(333, 'Kaluhi Adagala', NULL, 'dianakaluhi@yahoo.com', NULL, NULL, '972518549476313', NULL, NULL, 'fb', '2015-11-19 02:33:31', 'Author', 0),
(334, 'Wangeci Wandere', NULL, 'wangecici@gmail.com', NULL, NULL, '10153062399146567', NULL, NULL, 'fb', '2015-11-19 05:35:42', 'Author', 0),
(339, 'Shiko Njoroge Isaac', NULL, 'josseeyy05@yahoo.com', NULL, NULL, '10153269162807773', NULL, NULL, 'fb', '2015-11-19 09:12:16', 'Author', 0),
(344, 'Mercs Mara', NULL, 'mercyche44@gmail.com', NULL, NULL, '1688160104740166', NULL, NULL, 'fb', '2015-11-19 10:30:35', 'Author', 0),
(346, 'Gatuiri Wa Mwangi', NULL, 'tuirijess@yahoo.com', NULL, NULL, '10207375581001756', NULL, NULL, 'fb', '2015-11-19 10:55:32', 'Author', 0),
(353, 'Gertrude Gatu', NULL, 'tshikugg@yahoo.com', NULL, NULL, '10205097443211896', NULL, NULL, 'fb', '2015-11-19 17:44:51', 'Author', 0),
(354, 'Ochieng Nick', NULL, 'niquevin@yahoo.com', NULL, NULL, '755137261294995', NULL, NULL, 'fb', '2015-11-19 20:04:32', 'Author', 0),
(358, 'Wamuyu Macharia', NULL, 'wmegg@yahoo.com', NULL, NULL, '1065107036853959', NULL, NULL, 'fb', '2015-11-21 16:55:11', 'Author', 0),
(379, 'Jere Wa Qamonjo', NULL, 'jeremiahdehi@yahoo.com', NULL, NULL, '10207130541238399', NULL, NULL, 'fb', '2015-11-24 04:12:27', 'Author', 0),
(382, 'Jacque Mukami', NULL, 'jacquemukami2@gmail.com', NULL, NULL, '451230141735544', NULL, NULL, 'fb', '2015-11-24 09:38:00', 'Author', 0),
(414, 'Raychelle Akinyi Ojodo', NULL, 'onlyraychelle@gmail.com', NULL, NULL, '1812900395603605', NULL, NULL, 'fb', '2015-11-25 12:57:21', 'Author', 0),
(417, 'Marie-Anne Kadatz', NULL, 'kaddywanzy@yahoo.com', NULL, NULL, '10153725667176250', NULL, NULL, 'fb', '2015-11-25 15:20:48', 'Author', 0),
(418, 'Esther W. Ndungu', NULL, 'wairimuesther30@yahoo.com', NULL, NULL, '915206468516707', NULL, NULL, 'fb', '2015-11-26 12:33:10', 'Author', 0),
(420, 'Loloh Mosebe', NULL, 'lolohmosebe@gmail.com', NULL, NULL, '1943799599177656', NULL, NULL, 'fb', '2015-11-26 22:28:24', 'Author', 0),
(452, 'Wanza Mutinda', NULL, 'hwanzamutinda@yahoo.com', NULL, NULL, '10205770488569945', NULL, NULL, 'fb', '2015-11-27 12:31:48', 'Author', 0),
(462, 'Irean Chepng\'etich', NULL, 'murgorirene@gmail.com', NULL, NULL, '1045465038831911', NULL, NULL, 'fb', '2015-11-28 09:51:40', 'Author', 0),
(464, 'Nanah Riley', NULL, 'ndunguannah@yahoo.com', NULL, NULL, '1176259205737389', NULL, NULL, 'fb', '2015-11-28 14:43:15', 'Author', 0),
(465, 'Valerie Daniel', NULL, 'valeriedaniel17.vd@gmail.com', NULL, NULL, '136021260096427', NULL, NULL, 'fb', '2015-11-28 15:39:07', 'Author', 0),
(475, 'Kazungu Nyundo', NULL, 'tsozungu@gmail.com', NULL, NULL, '10201204084540167', NULL, NULL, 'fb', '2015-11-28 20:17:24', 'Author', 0),
(477, 'Lynn Mackenna', NULL, 'makenalinet@ymail.com', NULL, NULL, '482250441946663', NULL, NULL, 'fb', '2015-11-29 19:23:57', 'Author', 0),
(487, 'Washington Obare', NULL, 'washobare@gmail.com', NULL, NULL, '1184591288236804', NULL, NULL, 'fb', '2015-11-30 12:43:54', 'Author', 0),
(489, 'Linah Nyabokse', NULL, 'ongweralyna@gmail.com', NULL, NULL, '967736609972316', NULL, NULL, 'fb', '2015-11-30 14:14:41', 'Author', 0),
(493, 'Shyroh Aggie', NULL, 'agneslydiah@gmail.com', NULL, NULL, '973073022760693', NULL, NULL, 'fb', '2015-12-01 12:21:37', 'Author', 0),
(495, 'Gamaliel Lilan', NULL, 'gamaliellilan@gmail.com', NULL, NULL, '1514673805498518', NULL, NULL, 'fb', '2015-12-02 07:31:53', 'Author', 0),
(496, 'Mercy Kambura', NULL, 'mercykambura@yahoo.com', NULL, NULL, '10208716473615017', NULL, NULL, 'fb', '2015-12-04 15:15:32', 'Author', 0),
(501, 'Linda Morgan', NULL, 'dondosa2000@yahoo.com', NULL, NULL, '10153717217940535', NULL, NULL, 'fb', '2015-12-04 22:23:52', 'Author', 0),
(505, 'Mike Owen', NULL, 'lesliesnipez@hotmail.co.uk', NULL, NULL, '411177952405381', NULL, NULL, 'fb', '2015-12-06 21:23:54', 'Author', 0),
(510, 'Gloria Janet D', NULL, 'glorianyangoya@yahoo.com', NULL, NULL, '1021724247883758', NULL, NULL, 'fb', '2015-12-08 12:03:31', 'Author', 0),
(512, 'Ian Arap Tum', NULL, 'kembzzz.iyo@gmail.com', NULL, NULL, '1264123296948151', NULL, NULL, 'fb', '2015-12-09 06:20:36', 'Author', 0),
(514, 'Raymond Rono', NULL, 'raynerono@yahoo.com', NULL, NULL, '1261935863823818', NULL, NULL, 'fb', '2015-12-09 06:20:54', 'Author', 0),
(525, 'Nearnsy Rabera', NULL, 'raberanancy8@gmail.com', NULL, NULL, '989806624393896', NULL, NULL, 'fb', '2015-12-09 14:12:14', 'Author', 0),
(528, 'Muste W. Xairer', NULL, 'xairerwesco@gmail.com', NULL, NULL, '846891625425623', NULL, NULL, 'fb', '2015-12-10 00:09:11', 'Author', 0),
(529, 'Nellie Murege', NULL, 'nmurege@yahoo.com', NULL, NULL, '1090810554264520', NULL, NULL, 'fb', '2015-12-11 17:51:07', 'Author', 0),
(541, 'Shem Hillary', NULL, 'shemmbajah@gmail.com', NULL, NULL, '894503850657094', NULL, NULL, 'fb', '2015-12-12 08:44:52', 'Author', 0),
(551, 'Pretty Njeri', NULL, 'gachurumary@yahoo.com', NULL, NULL, '892811270826464', NULL, NULL, 'fb', '2015-12-13 05:52:05', 'Author', 0),
(553, 'Wanjeri Nderitu', NULL, 'jacymacharia@yahoo.com', NULL, NULL, '1186746148006906', NULL, NULL, 'fb', '2015-12-14 14:25:37', 'Author', 0),
(557, 'Sheelar Muthoni', NULL, 'ngaruiya34@gmail.com', NULL, NULL, '1523910744568877', NULL, NULL, 'fb', '2015-12-15 20:59:06', 'Author', 0),
(564, 'Pauline James', NULL, 'james.pauline44@yahoo.com', NULL, NULL, '705614529540825', NULL, NULL, 'fb', '2015-12-15 22:20:54', 'Author', 0),
(574, 'Lucy Wanjohi', NULL, 'wanjohimlucy@gmail.com', NULL, NULL, '1668082616743249', NULL, NULL, 'fb', '2015-12-16 18:18:01', 'Author', 0),
(624, 'Beverly Mabango', NULL, 'bevmabz@yahoo.com', NULL, NULL, '10205357065874346', NULL, NULL, 'fb', '2015-12-19 13:54:14', 'Author', 0),
(626, 'Victoria Wavinya', NULL, 'victoria.wavinya@gmail.com', NULL, NULL, '10205301960937386', NULL, NULL, 'fb', '2015-12-21 12:22:36', 'Author', 0),
(633, 'Viola Chirchir', NULL, 'violachirchir@ymail.com', NULL, NULL, '946587172087857', NULL, NULL, 'fb', '2015-12-24 14:56:15', 'Author', 0),
(641, 'Rachel Kahuhia', NULL, 'beautifulrosie93@gmail.com', NULL, NULL, '1534543983529385', NULL, NULL, 'fb', '2015-12-26 14:28:44', 'Author', 0),
(649, 'Njenga Wa Kamau', NULL, 'jaxonrebs@rocketmail.com', NULL, NULL, '10206475235943315', NULL, NULL, 'fb', '2015-12-27 10:54:00', 'Author', 0),
(660, 'Carol Kioko', NULL, 'carolkk4@gmail.com', NULL, NULL, '918299378277336', NULL, NULL, 'fb', '2015-12-27 11:46:28', 'Author', 0),
(662, 'Alex Mwaka', NULL, 'alexandermwaka@yahoo.com', NULL, NULL, '786865191442084', NULL, NULL, 'fb', '2015-12-28 11:12:09', 'Author', 0),
(675, 'Irene Mbulwa', NULL, 'nziokairene@yahoo.com', NULL, NULL, '10205643859840201', NULL, NULL, 'fb', '2015-12-28 17:34:12', 'Author', 0),
(676, 'Mark Kihu', NULL, 'markkihu@yahoo.com', NULL, NULL, '10153816859217320', NULL, NULL, 'fb', '2015-12-29 08:58:00', 'Author', 0),
(692, 'Kwamboka Onsare', NULL, 'onsare.jedidah@gmail.com', NULL, NULL, '713325278803543', NULL, NULL, 'fb', '2015-12-30 15:46:42', 'Author', 0),
(694, 'Nancy Liks', NULL, 'nancyliks@gmail.com', NULL, NULL, '10208623984422256', NULL, NULL, 'fb', '2015-12-31 09:24:29', 'Author', 0),
(696, 'Vee Mwema', NULL, 'vimwende@gmail.com', NULL, NULL, '1045112005539862', NULL, NULL, 'fb', '2015-12-31 09:29:40', 'Author', 0),
(710, 'Kiko Kim', NULL, 'natashaadhiambo.na@gmail.com', NULL, NULL, '1543357912655835', NULL, NULL, 'fb', '2015-12-31 12:54:54', 'Author', 0),
(713, 'Nimmoh Sam', NULL, 'maggie.nimmoh@yahoo.com', NULL, NULL, '585476788270750', NULL, NULL, 'fb', '2016-01-01 06:35:40', 'Author', 0),
(714, 'Shikoh Kirina', NULL, 'shikohkirina@gmail.com', NULL, NULL, '1772761226284798', NULL, NULL, 'fb', '2016-01-04 08:50:19', 'Author', 0),
(716, 'Hesbon Hez', NULL, 'hes87kip@gmail.com', NULL, NULL, '1272222982794148', NULL, NULL, 'fb', '2016-01-04 15:36:48', 'Author', 0),
(718, 'Patricia Agunja', NULL, 'patriciaagunja@ymail.com', NULL, NULL, '942012659181232', NULL, NULL, 'fb', '2016-01-05 13:10:31', 'Author', 0),
(732, 'George Mwangi M', NULL, 'geomwamu_86@yahoo.com', NULL, NULL, '1040632799322946', NULL, NULL, 'fb', '2016-01-05 14:05:48', 'Author', 0),
(735, 'Shayne Macy Henry', NULL, 'macyshayne@yahoo.com', NULL, NULL, '939365249480320', NULL, NULL, 'fb', '2016-01-06 09:13:58', 'Author', 0),
(739, 'Harriet Neno', NULL, 'harrietmolel@yahoo.com', NULL, NULL, '685312104944489', NULL, NULL, 'fb', '2016-01-06 10:58:05', 'Author', 0),
(742, 'Simaloy Valentine Lemayian', NULL, 'valentine.pere@yahoo.com', NULL, NULL, '10206897109804506', NULL, NULL, 'fb', '2016-01-07 15:25:06', 'Author', 0),
(747, 'Susan Omadi', NULL, 'susanomadi@gmail.com', NULL, NULL, '1713717752198731', NULL, NULL, 'fb', '2016-01-08 10:38:37', 'Author', 0),
(756, 'McKenna Dennis', NULL, 'iswity@yahoo.com', NULL, NULL, '10207933783999752', NULL, NULL, 'fb', '2016-01-09 08:57:35', 'Author', 0),
(763, 'Nancy Muthoni', NULL, 'kibiramuthoni@gmail.com', NULL, NULL, '1548115592176740', NULL, NULL, 'fb', '2016-01-09 09:06:44', 'Author', 0),
(778, 'Dazzling Dee Dru Joegeenah', NULL, 'joegeenah@yahoo.com', NULL, NULL, '10208520001867558', NULL, NULL, 'fb', '2016-01-09 14:31:26', 'Author', 0),
(781, 'Magdaline Gakii', NULL, 'gakiimagda@yahoo.com', NULL, NULL, '10153380487518014', NULL, NULL, 'fb', '2016-01-09 15:19:12', 'Author', 0),
(815, 'Elvira Dorcas', NULL, 'elvirananyama@rocketmail.com', NULL, NULL, '862251433892628', NULL, NULL, 'fb', '2016-01-10 10:32:30', 'Author', 0),
(820, 'Fiona M Githaka', NULL, 'fionagits@yahoo.com', NULL, NULL, '10208575773335674', NULL, NULL, 'fb', '2016-01-10 13:27:55', 'Author', 0),
(822, 'Amwai Omusunzu', NULL, 'dagudamwai@yahoo.com', NULL, NULL, '10153798092902416', NULL, NULL, 'fb', '2016-01-10 16:07:46', 'Author', 0),
(825, 'George Gta', NULL, 'georgegitau6@gmail.com', NULL, NULL, '939220186164642', NULL, NULL, 'fb', '2016-01-12 06:57:12', 'Author', 0),
(827, 'Patrick Moindi', NULL, 'patrickmoindi@gmail.com', NULL, NULL, '963072737062198', NULL, NULL, 'fb', '2016-01-12 14:18:37', 'Author', 0),
(829, 'Ann BoBow VVmb', NULL, 'a.wambui@ymail.com', NULL, NULL, '10205665013841758', NULL, NULL, 'fb', '2016-01-12 14:21:19', 'Author', 0),
(833, 'David Ruto', NULL, 'dkrutoh@gmail.com', NULL, NULL, '1733494173549814', NULL, NULL, 'fb', '2016-01-13 14:41:00', 'Author', 0),
(835, 'Hope Lola', NULL, 'mhopelola@yahoo.com', NULL, NULL, '10208500080245087', NULL, NULL, 'fb', '2016-01-13 18:18:54', 'Author', 0),
(845, 'Naima Abdy', NULL, 'abdinayma6@gmail.com', NULL, NULL, '1667806603497205', NULL, NULL, 'fb', '2016-01-14 02:46:30', 'Author', 0),
(856, 'Dennis Mbare', NULL, 'denongah@gmail.com', NULL, NULL, '1627700267493072', NULL, NULL, 'fb', '2016-01-14 22:13:55', 'Author', 0),
(858, 'Anabel Kokeyo', NULL, 'anabelk93@gmail.com', NULL, NULL, '572537889560903', NULL, NULL, 'fb', '2016-01-15 13:00:07', 'Author', 0),
(860, 'Boni Mwangi', NULL, 'bonmwas@yahoo.com', NULL, NULL, '10206546006022944', NULL, NULL, 'fb', '2016-01-16 05:02:23', 'Author', 0),
(862, 'Mercy Ngwiri', NULL, 'ngwiri@gmail.com', NULL, NULL, '10153842233484188', NULL, NULL, 'fb', '2016-01-16 16:23:21', 'Author', 0),
(867, 'Vicky Munyao', NULL, 'toriakilosh@gmail.com', NULL, NULL, '537415789754562', NULL, NULL, 'fb', '2016-01-17 10:12:31', 'Author', 0),
(872, 'Aloh Maich', NULL, 'mainaaloise@yahoo.com', NULL, NULL, '1220830744598339', NULL, NULL, 'fb', '2016-01-17 15:23:52', 'Author', 0),
(874, 'Maina Kelvin', NULL, 'kelvinmacharia86@gmail.com', NULL, NULL, '1099470806763584', NULL, NULL, 'fb', '2016-01-18 03:18:13', 'Author', 0),
(876, 'Danny Dantez Mwangi', NULL, 'dankmwas@yahoo.com', NULL, NULL, '1057466644274131', NULL, NULL, 'fb', '2016-01-18 07:25:04', 'Author', 0),
(889, 'Alan Alesh', NULL, 'almuganzi@gmail.com', NULL, NULL, '878463095585505', NULL, NULL, 'fb', '2016-01-19 11:54:20', 'Author', 0),
(901, 'Mueni M. Winnie', NULL, 'winnie_mueni11@yahoo.com', NULL, NULL, '552529234914638', NULL, NULL, 'fb', '2016-01-19 12:19:29', 'Author', 0),
(904, 'Mitch Abby', NULL, 'abigaelmichelle@gmail.com', NULL, NULL, '975684639166148', NULL, NULL, 'fb', '2016-01-20 18:58:20', 'Author', 0),
(925, 'Thomas Kioko', NULL, 'thomaskioko33@yahoo.com', NULL, NULL, '10208384609955155', NULL, NULL, 'fb', '2016-01-22 06:51:31', 'Author', 0),
(928, 'Elric Wamugu', NULL, 'mbaria.jeremiah@gmail.com', NULL, NULL, '736721873096710', NULL, NULL, 'fb', '2016-01-22 12:29:36', 'Author', 0),
(931, 'Immah Omondi', NULL, 'emmahayoo@gmail.com', NULL, NULL, '10205244315811416', NULL, NULL, 'fb', '2016-01-22 15:21:01', 'Author', 0),
(933, 'David Kamau', NULL, 'davidmwangi86@yahoo.com', NULL, NULL, '1094481263896534', NULL, NULL, 'fb', '2016-01-22 15:25:09', 'Author', 0),
(935, 'Raciah Dienray', NULL, 'gracewairimum@gmail.com', NULL, NULL, '982357511830759', NULL, NULL, 'fb', '2016-01-23 09:56:29', 'Author', 0),
(937, 'Tracy Otieno', NULL, 'teotieno@gmail.com', NULL, NULL, 'https://lh6.googleusercontent.com/-ROrH4-hh8Ak/AAA', NULL, NULL, 'gplus', '2016-01-23 13:27:30', 'Author', 0),
(939, 'Okutu Truphosa', NULL, 'truephosa@yahoo.com', NULL, NULL, '10208058980048154', NULL, NULL, 'fb', '2016-01-25 06:43:36', 'Author', 0),
(958, 'Winnie Mwangi', NULL, 'wanjirawinnie@yahoo.com', NULL, NULL, '1190113041016467', NULL, NULL, 'fb', '2016-01-26 12:50:45', 'Author', 0),
(960, 'Mayrie Mueni Mcly', NULL, 'maryemm18@gmail.com', NULL, NULL, '1166884329990196', NULL, NULL, 'fb', '2016-01-27 14:45:42', 'Author', 0),
(971, 'Maxwell Nderitu', NULL, 'nderitumaxwell@gmail.com', NULL, NULL, '1256965777652843', NULL, NULL, 'fb', '2016-01-29 10:07:44', 'Author', 0),
(977, 'Suhel Shekuwe Athman', NULL, 'djshecky@hotmail.com', NULL, NULL, '1020161541378972', NULL, NULL, 'fb', '2016-01-29 19:44:03', 'Author', 0),
(986, 'John K Maina', NULL, 'fidelmontana@yahoo.com', NULL, NULL, '10207631045761678', NULL, NULL, 'fb', '2016-01-30 00:03:35', 'Author', 0),
(1006, 'Verooh Gatuhi', NULL, 'veromurigi2008@gmail.com', NULL, NULL, '1126247927398943', NULL, NULL, 'fb', '2016-02-01 12:15:53', 'Author', 0),
(1019, 'Liz Kivuva', NULL, 'lizkivuva@gmail.com', NULL, NULL, '10153363353077078', NULL, NULL, 'fb', '2016-02-06 13:16:57', 'Author', 0),
(1029, 'Peris Murigu', NULL, 'periskuiwhao@yahoo.com', NULL, NULL, '10209021745087829', NULL, NULL, 'fb', '2016-02-10 17:55:18', 'Author', 0),
(1031, 'Muriel Adhiambo', NULL, 'adhiambomuriel@gmail.com', NULL, NULL, '977522112284441', NULL, NULL, 'fb', '2016-02-13 15:13:52', 'Author', 0),
(1034, 'Wesh Kanu', NULL, 'kanuwesh@gmail.com', NULL, NULL, '985716221493674', NULL, NULL, 'fb', '2016-02-17 06:54:04', 'Author', 0),
(1037, 'Katrious Carolyne', NULL, 'katriouscarolyne@gmail.com', NULL, NULL, '235701333432482', NULL, NULL, 'fb', '2016-02-18 11:28:13', 'Author', 0),
(1066, 'Perry Kanana', NULL, 'periynox@yahoo.com', NULL, NULL, '10207525543749888', NULL, NULL, 'fb', '2016-02-24 09:37:13', 'Author', 0),
(1068, 'Alice Mbaki', NULL, 'jejembaki@yahoo.com', NULL, NULL, '10153872016393971', NULL, NULL, 'fb', '2016-02-24 15:56:15', 'Author', 0),
(1070, 'Kiki Kariuki Marima', NULL, 'me@kmarima.com', NULL, NULL, '10153568610579217', NULL, NULL, 'fb', '2016-02-25 15:00:22', 'Author', 0),
(1073, 'Langat Mercy', NULL, 'mercylangat2@gmail.com', NULL, NULL, '559995570848263', NULL, NULL, 'fb', '2016-02-29 07:15:38', 'Author', 0),
(1075, 'Wangui Muchunu', NULL, 'paulinesmiles2@gmail.com', NULL, NULL, '683324355104697', NULL, NULL, 'fb', '2016-02-29 17:49:45', 'Author', 0),
(1227, 'Kibichii Arap Rotich', NULL, 'erotich13@yahoo.com', NULL, NULL, '10209033846147394', NULL, NULL, 'fb', '2016-03-01 19:22:20', 'Author', 0),
(1230, 'Mischel Nyagoll', NULL, 'mitchelleotiende@gmail.com', NULL, NULL, '1257156080965985', NULL, NULL, 'fb', '2016-03-09 18:21:21', 'Author', 0),
(1238, 'Kennedy Kachwanya', NULL, 'kachwanya@yahoo.com', NULL, NULL, '10153527667816909', NULL, NULL, 'fb', '2016-03-10 10:13:54', 'Author', 0),
(1240, 'David Mwangi', NULL, 'daviek19@gmail.com', NULL, NULL, 'https://lh4.googleusercontent.com/-7LQUsIt6jBw/AAA', NULL, NULL, 'gplus', '2016-03-14 08:16:10', 'Author', 0),
(1274, 'Henry Krk', NULL, 'henryng39etich@yahoo.com', NULL, NULL, '1116393435078570', NULL, NULL, 'fb', '2016-03-20 05:46:57', 'Author', 0),
(1275, 'Winnie Yator', NULL, 'winniejohnson.wy@gmail.com', NULL, NULL, '520481868123984', NULL, NULL, 'fb', '2016-03-21 10:05:53', 'Author', 0),
(1277, 'Kathure Grace', NULL, 'gracymuki@gmail.com', NULL, NULL, '558394611001986', NULL, NULL, 'fb', '2016-03-21 14:27:26', 'Author', 0),
(1278, 'Michael Muriuki', NULL, 'muriukimichael@gmail.com', NULL, NULL, 'http://somecover.com/cover.png', NULL, NULL, 'gPlus', '2016-03-25 14:32:28', 'Author', 0),
(1323, 'Charity Murigi', NULL, 'murigi_cw@yahoo.com', NULL, NULL, '1152706631416102', NULL, NULL, 'FB', '2016-05-04 10:11:41', 'Author', 0),
(1327, 'Hope Milenye', NULL, 'tumainimuturi@gmail.com', NULL, NULL, '1155310737833724', NULL, NULL, 'FB', '2016-05-04 13:30:26', 'Author', 0),
(1337, 'Japheth Jaystahn Bryan', NULL, 'bogonkojaphet@yahoo.com', NULL, NULL, '1318980131449511', NULL, NULL, 'FB', '2016-05-05 11:19:15', 'Author', 0),
(1339, 'Karumba Njenga Kamau', NULL, 'njengahsam@yahoo.com', NULL, NULL, '1006394196106083', NULL, NULL, 'FB', '2016-05-05 23:13:56', 'Author', 0),
(1341, 'Gershon Myles', NULL, 'crazygershon@yahoo.com', NULL, NULL, '1239876739377748', NULL, NULL, 'FB', '2016-05-05 23:19:31', 'Author', 0),
(1351, 'Isaac Hunja', NULL, 'isaachnj@yahoo.com', NULL, NULL, '10154153942842152', NULL, NULL, 'FB', '2016-05-06 08:50:10', 'Author', 0),
(1354, 'Amina Cassim Idris', NULL, 'cassamne@yahoo.com', NULL, NULL, '10153580148237129', NULL, NULL, 'FB', '2016-05-06 12:26:17', 'Author', 0),
(1356, 'Alexander Odhiambo Kingangi', NULL, 'alexander.odhiambo@yahoo.com', NULL, NULL, '1143339012351015', NULL, NULL, 'FB', '2016-05-06 12:34:42', 'Author', 0),
(1375, 'Sharon Mwangi', NULL, 'fraggle_rockie@yahoo.com', NULL, NULL, '10154233166084885', NULL, NULL, 'FB', '2016-05-06 12:54:09', 'Author', 0),
(1385, 'Rogers Musyoni Muoki', NULL, 'rawjazz98@yahoo.com', NULL, NULL, '10153720973741748', NULL, NULL, 'FB', '2016-05-08 15:24:52', 'Author', 0),
(1406, 'Safa Jamal', NULL, 'swafaa_90@hotmail.com', NULL, NULL, '10207378823841137', NULL, NULL, 'FB', '2016-05-15 13:18:48', 'Author', 0),
(1410, 'Steve Lamba', NULL, 'lambasteve@gmail.com', NULL, NULL, '10207628300878834', NULL, NULL, 'FB', '2016-05-15 15:10:56', 'Author', 0),
(1415, 'Chef Eugene Pinchito', NULL, 'eugenewahogo@yahoo.com', NULL, NULL, '10153663401557194', NULL, NULL, 'FB', '2016-05-17 15:47:52', 'Author', 0),
(1417, 'Ezra Onchiri', NULL, 'ezrakanani@yahoo.com', NULL, NULL, '10153816575388451', NULL, NULL, 'FB', '2016-05-19 15:54:17', 'Author', 0),
(1418, 'Valentine Gathoni', NULL, 'valentinegathoni@yahoo.com', NULL, NULL, '10206285265201062', NULL, NULL, 'FB', '2016-05-20 20:15:01', 'Author', 0),
(1434, 'Kent Al-Mwokoz', NULL, 'kenchemkos@yahoo.com', NULL, NULL, '1280767831953315', NULL, NULL, 'FB', '2016-05-23 10:39:33', 'Author', 0),
(1439, 'Mo Muthengi', NULL, 'muthengi08@gmail.com', NULL, NULL, '10209520412473020', NULL, NULL, 'FB', '2016-05-28 13:48:34', 'Author', 0),
(1448, 'Jane N. Ouko', NULL, 'janeouko@yahoo.com', NULL, NULL, '10206537558936956', NULL, NULL, 'FB', '2016-05-30 19:27:47', 'Author', 0),
(1463, 'Brenda Lobojo', NULL, 'b_lobojo@yahoo.com', NULL, NULL, '10208678822544827', NULL, NULL, 'FB', '2016-05-31 06:23:28', 'Author', 0),
(1471, 'Angus Nassir', NULL, 'angusnassir2000@yahoo.com', NULL, NULL, '10207825955224252', NULL, NULL, 'FB', '2016-05-31 06:45:28', 'Author', 0),
(1497, 'Clara Waita', NULL, 'cwit489@yahoo.com', NULL, NULL, '10206331035820732', NULL, NULL, 'FB', '2016-05-31 07:45:48', 'Author', 0),
(1501, 'Chep Kering Ironlady', NULL, 'chepkomer@yahoo.com', NULL, NULL, '10206653442077532', NULL, NULL, 'FB', '2016-05-31 07:56:06', 'Author', 0),
(1505, 'Lucy Mugure', NULL, 'vqeexx@gmail.com', NULL, NULL, '1314601878553392', NULL, NULL, 'FB', '2016-05-31 10:27:28', 'Author', 0),
(1523, 'Fatma Kanja', NULL, 'fatmacy10@yahoo.com', NULL, NULL, '1074338175965868', NULL, NULL, 'FB', '2016-05-31 16:59:27', 'Author', 0),
(1546, 'Sylvia Chivie Maghema', NULL, 'chivie_2@hotmail.com', NULL, NULL, '10154234097808826', NULL, NULL, 'FB', '2016-06-01 12:32:10', 'Author', 0),
(1579, 'Judy Mueni', NULL, 'judywamb@gmail.com', NULL, NULL, '10153805919241748', NULL, NULL, 'FB', '2016-06-02 07:02:45', 'Author', 0),
(1601, 'Josephine Josephine', NULL, 'jkkagwanja@yahoo.com', NULL, NULL, '1289302041084432', NULL, NULL, 'FB', '2016-06-03 16:01:30', 'Author', 0),
(1636, 'Diramu H. Dido', NULL, 'diramudido@yahoo.com', NULL, NULL, '1268436029848340', NULL, NULL, 'FB', '2016-06-07 08:38:57', 'Author', 0),
(1640, 'Winy Swtz Kamau', NULL, 'thecalisa@yahoo.com', NULL, NULL, '793090527458756', NULL, NULL, 'FB', '2016-06-08 06:03:03', 'Author', 0),
(1642, 'Nthenya Mutiso', NULL, 'teshnthesh@yahoo.com', NULL, NULL, '10153638134067113', NULL, NULL, 'FB', '2016-06-08 10:19:09', 'Author', 0),
(1647, 'Sist Nicodemus', NULL, 'komunc@yahoo.com', NULL, NULL, '1329456710417001', NULL, NULL, 'FB', '2016-06-11 04:46:31', 'Author', 0),
(1688, 'Njery Mythamo', NULL, 'jessiemnjeri@gmail.com', NULL, NULL, '1718310381758286', NULL, NULL, 'FB', '2016-06-11 08:18:20', 'Author', 0);

-- --------------------------------------------------------

--
-- Table structure for table `user_logins`
--

CREATE TABLE `user_logins` (
  `id` int(11) NOT NULL,
  `user_id` int(11) DEFAULT NULL,
  `device_browser` varchar(50) DEFAULT NULL COMMENT 'Device and Browser usedto log in or out.',
  `action` int(11) DEFAULT '1' COMMENT '0:1 for login and logout- by deaut called when one logs in: session expire is -1',
  `thedate` timestamp NULL DEFAULT CURRENT_TIMESTAMP
) ENGINE=InnoDB DEFAULT CHARSET=utf16 COMMENT='Whenever a user logs in ';

-- --------------------------------------------------------

--
-- Table structure for table `user_profile`
--

CREATE TABLE `user_profile` (
  `id` int(11) NOT NULL,
  `user_id` int(11) DEFAULT NULL,
  `pikarank` decimal(10,2) DEFAULT '0.00',
  `likesrank` decimal(10,2) DEFAULT '0.00',
  `reviewrank` decimal(10,2) DEFAULT '0.00',
  `socialrank` decimal(10,2) DEFAULT '0.00',
  `mealplanrank` decimal(10,2) DEFAULT '0.00',
  `thedate` timestamp NULL DEFAULT CURRENT_TIMESTAMP ON UPDATE CURRENT_TIMESTAMP COMMENT 'Last chec'
) ENGINE=InnoDB DEFAULT CHARSET=utf16 COMMENT='This utelises several ranking systems to determine how high a user is ranked. it can be auto-updated every week at midnight sunday via a script on the server or triggers on each update\r\n\r\nThis is created on new user registration. only deleted when the user is deleted';

-- --------------------------------------------------------

--
-- Table structure for table `user_regdevice`
--

CREATE TABLE `user_regdevice` (
  `id` int(11) NOT NULL,
  `user_id` int(11) DEFAULT NULL COMMENT 'FK from users ',
  `device` varchar(50) DEFAULT NULL,
  `macadd` varchar(50) DEFAULT NULL,
  `ip` varchar(50) DEFAULT NULL,
  `regpath` varchar(50) DEFAULT NULL COMMENT 'registration via: fb, google etc'
) ENGINE=InnoDB DEFAULT CHARSET=utf16 COMMENT='During registration, what and how did they did it?';

--
-- Dumping data for table `user_regdevice`
--

INSERT INTO `user_regdevice` (`id`, `user_id`, `device`, `macadd`, `ip`, `regpath`) VALUES
(2, 1, 'Dell', NULL, NULL, NULL);

-- --------------------------------------------------------

--
-- Stand-in structure for view `v_rec_ing_names`
-- (See below for the actual view)
--
CREATE TABLE `v_rec_ing_names` (
`id` int(11)
,`recipe_id` int(11)
,`ingredient_id` int(11)
,`quantity` decimal(10,2)
,`measure` varchar(50)
,`usage` varchar(500)
,`name` varchar(150)
);

-- --------------------------------------------------------

--
-- Stand-in structure for view `v_rest_meals`
-- (See below for the actual view)
--
CREATE TABLE `v_rest_meals` (
`restaurant_id` int(11)
,`rest_cover` varchar(50)
,`restaurant_name` varchar(50)
,`rest_rating` decimal(10,2)
,`address` varchar(250)
,`latitude` double
,`lon` double
,`opening_time` time
,`closing_time` time
,`meal_cover` varchar(50)
);

-- --------------------------------------------------------

--
-- Stand-in structure for view `v_rest_meal_ing`
-- (See below for the actual view)
--
CREATE TABLE `v_rest_meal_ing` (
`ing_name` varchar(50)
,`restaurant_id` int(11)
);

-- --------------------------------------------------------

--
-- Stand-in structure for view `v_usr_kit_ing`
-- (See below for the actual view)
--
CREATE TABLE `v_usr_kit_ing` (
`user_id` int(11)
,`name` varchar(50)
);

-- --------------------------------------------------------

--
-- Structure for view `v_rec_ing_names`
--
DROP TABLE IF EXISTS `v_rec_ing_names`;

CREATE ALGORITHM=UNDEFINED DEFINER=`root`@`localhost` SQL SECURITY DEFINER VIEW `v_rec_ing_names`  AS  select `i`.`id` AS `id`,`i`.`recipe_id` AS `recipe_id`,`i`.`ingredient_id` AS `ingredient_id`,`i`.`quantity` AS `quantity`,`i`.`measure` AS `measure`,`i`.`usage` AS `usage`,`li`.`name` AS `name` from (`recipe_ingredients` `i` join `l_ingredients` `li` on((`li`.`id` = `i`.`ingredient_id`))) ;

-- --------------------------------------------------------

--
-- Structure for view `v_rest_meals`
--
DROP TABLE IF EXISTS `v_rest_meals`;

CREATE ALGORITHM=UNDEFINED DEFINER=`root`@`localhost` SQL SECURITY DEFINER VIEW `v_rest_meals`  AS  select `restaurant`.`id` AS `restaurant_id`,`restaurant`.`cover` AS `rest_cover`,`restaurant`.`name` AS `restaurant_name`,`restaurant`.`rating` AS `rest_rating`,`restaurant`.`address` AS `address`,`restaurant`.`lat` AS `latitude`,`restaurant`.`lon` AS `lon`,`restaurant`.`openat` AS `opening_time`,`restaurant`.`closeat` AS `closing_time`,`restaurant_menu`.`cover` AS `meal_cover` from (`restaurant_menu` join `restaurant` on((`restaurant`.`id` = `restaurant_menu`.`id`))) where (`restaurant`.`id` = `restaurant_menu`.`id`) ;

-- --------------------------------------------------------

--
-- Structure for view `v_rest_meal_ing`
--
DROP TABLE IF EXISTS `v_rest_meal_ing`;

CREATE ALGORITHM=UNDEFINED DEFINER=`root`@`localhost` SQL SECURITY DEFINER VIEW `v_rest_meal_ing`  AS  select `rest_menu_ingr`.`name` AS `ing_name`,`restaurant_menu`.`restaurant_id` AS `restaurant_id` from (`restaurant_menu` join `rest_menu_ingr` on((`restaurant_menu`.`id` = `rest_menu_ingr`.`rest_menu_id`))) where (`rest_menu_ingr`.`rest_menu_id` = `rest_menu_ingr`.`id`) ;

-- --------------------------------------------------------

--
-- Structure for view `v_usr_kit_ing`
--
DROP TABLE IF EXISTS `v_usr_kit_ing`;

CREATE ALGORITHM=UNDEFINED DEFINER=`root`@`localhost` SQL SECURITY DEFINER VIEW `v_usr_kit_ing`  AS  select `users`.`id` AS `user_id`,`kitchenInventory`.`item` AS `name` from (`users` join `kitchenInventory` on((`users`.`id` = `kitchenInventory`.`userID`))) ;

--
-- Indexes for dumped tables
--

--
-- Indexes for table `calendar`
--
ALTER TABLE `calendar`
  ADD PRIMARY KEY (`id`),
  ADD KEY `dayofweek_holiday_notes` (`dayofweek`,`holiday`,`notes`(191)),
  ADD KEY `weeknumber` (`weeknumber`),
  ADD KEY `c_date` (`c_date`);

--
-- Indexes for table `goout`
--
ALTER TABLE `goout`
  ADD PRIMARY KEY (`id`),
  ADD KEY `FK_goout_restaurant_menu` (`menu_id`);

--
-- Indexes for table `groceryList`
--
ALTER TABLE `groceryList`
  ADD PRIMARY KEY (`groceryListID`),
  ADD KEY `fk_users_groceryList_idx` (`userID`),
  ADD KEY `fk_recipe_groceryList_idx` (`recipeID`),
  ADD KEY `ALL` (`active`,`dateCreated`,`dateModified`);

--
-- Indexes for table `groceryListItems`
--
ALTER TABLE `groceryListItems`
  ADD PRIMARY KEY (`groceryListItemID`),
  ADD KEY `fk_groceryListItems_ingredients_idx` (`ingredientID`),
  ADD KEY `ALL` (`shopped`,`dateCreated`,`dateModified`,`quantity`,`quantityType`),
  ADD KEY `fk_groceryList_groceryItems_idx` (`groceryListID`);

--
-- Indexes for table `inventoryCategory`
--
ALTER TABLE `inventoryCategory`
  ADD PRIMARY KEY (`categoryID`);

--
-- Indexes for table `kitchenInventory`
--
ALTER TABLE `kitchenInventory`
  ADD PRIMARY KEY (`inventoryID`),
  ADD KEY `item_category_quantity_quantitytype` (`item`,`categoryID`,`quantity`,`quantitytype`),
  ADD KEY `FK__usersid` (`userID`),
  ADD KEY `fk_inventory_category_idx` (`categoryID`);

--
-- Indexes for table `l_equipment`
--
ALTER TABLE `l_equipment`
  ADD PRIMARY KEY (`id`),
  ADD UNIQUE KEY `name` (`name`),
  ADD KEY `keywords` (`keywords`(191));

--
-- Indexes for table `l_ingredients`
--
ALTER TABLE `l_ingredients`
  ADD PRIMARY KEY (`id`),
  ADD UNIQUE KEY `name` (`name`),
  ADD KEY `keywords` (`keywords`(191));

--
-- Indexes for table `mealplan`
--
ALTER TABLE `mealplan`
  ADD PRIMARY KEY (`id`),
  ADD KEY `servings` (`servings`),
  ADD KEY `notes` (`notes`(191)),
  ADD KEY `FK_mealplan_calendar` (`calendar_id`),
  ADD KEY `FK_mealplan_recipe` (`recipe_id`),
  ADD KEY `FK_mealplan_users` (`user_id`),
  ADD KEY `FK_mealplan_mealtype` (`mealtype_id`),
  ADD KEY `FK_mealplan_goout` (`goout_id`);

--
-- Indexes for table `mealtype`
--
ALTER TABLE `mealtype`
  ADD PRIMARY KEY (`id`),
  ADD KEY `servingstart` (`servingstart`,`servingend`),
  ADD KEY `mealtype` (`mealtype`);

--
-- Indexes for table `recipe`
--
ALTER TABLE `recipe`
  ADD PRIMARY KEY (`id`),
  ADD KEY `preptime_servings` (`preptime`,`servings`),
  ADD KEY `FK_recipe_users` (`userid`),
  ADD KEY `name` (`name`,`texture`,`course`,`cuisine`,`tags`(191),`cover`),
  ADD KEY `price` (`price`),
  ADD KEY `fk_recipe_servingType_idx` (`servingTypeID`),
  ADD KEY `SEARCH` (`dateCreated`,`dateModified`,`insertedBy`,`preptime`,`servings`);

--
-- Indexes for table `recipeTags`
--
ALTER TABLE `recipeTags`
  ADD PRIMARY KEY (`recipeTagID`),
  ADD UNIQUE KEY `comp_recipe_tag` (`tagID`,`recipeID`),
  ADD KEY `fk_recipe_tags_idx` (`recipeID`),
  ADD KEY `SEARCH` (`dateCreated`);

--
-- Indexes for table `recipe_equip_used`
--
ALTER TABLE `recipe_equip_used`
  ADD PRIMARY KEY (`id`),
  ADD KEY `usage` (`usage`(191)),
  ADD KEY `FK_recipe_equip_used_l_equipment` (`equipement_id`),
  ADD KEY `FK_recipe_equip_used_recipe` (`recipie_id`);

--
-- Indexes for table `recipe_flavors`
--
ALTER TABLE `recipe_flavors`
  ADD PRIMARY KEY (`id`),
  ADD KEY `salty_sour_sweet_bitter_meaty_piquant` (`salty`,`sour`,`sweet`,`bitter`,`meaty`,`piquant`),
  ADD KEY `FK__recipe` (`recipe_id`);

--
-- Indexes for table `recipe_images`
--
ALTER TABLE `recipe_images`
  ADD PRIMARY KEY (`id`),
  ADD KEY `image` (`image`),
  ADD KEY `FK_recipe_images_recipe` (`recipe_id`);

--
-- Indexes for table `recipe_ingredients`
--
ALTER TABLE `recipe_ingredients`
  ADD PRIMARY KEY (`id`),
  ADD KEY `measure_usage` (`measure`,`usage`(191)),
  ADD KEY `quantity` (`quantity`),
  ADD KEY `FK_recipe_ingredients_recipe` (`recipe_id`),
  ADD KEY `FK_recipe_ingredients_l_ingredients` (`ingredient_id`);

--
-- Indexes for table `recipe_nutrition`
--
ALTER TABLE `recipe_nutrition`
  ADD PRIMARY KEY (`id`),
  ADD KEY `calorie_carbohydrates_sugars_fats_proteins_sodium_vitamins` (`calorie`,`carbohydrates`,`sugars`,`fats`,`proteins`,`sodium`,`vitamins`),
  ADD KEY `FK_recipe_nutrition_recipe` (`recipe_id`);

--
-- Indexes for table `recipe_ratereview`
--
ALTER TABLE `recipe_ratereview`
  ADD KEY `id` (`id`),
  ADD KEY `review` (`review`(191)),
  ADD KEY `thedate` (`dateModified`),
  ADD KEY `FK_recipe_ratereview_recipe` (`recipe_id`),
  ADD KEY `FK_recipe_ratereview_users` (`user_id`),
  ADD KEY `rating` (`rating`,`favorite`),
  ADD KEY `dates` (`dateModified`);

--
-- Indexes for table `recipe_steps`
--
ALTER TABLE `recipe_steps`
  ADD PRIMARY KEY (`id`),
  ADD KEY `steporder` (`steporder`),
  ADD KEY `step` (`step`(191),`image`(191)),
  ADD KEY `FK_recipe_steps_recipe` (`recipe_id`);

--
-- Indexes for table `restaurant`
--
ALTER TABLE `restaurant`
  ADD PRIMARY KEY (`id`),
  ADD KEY `thedate` (`thedate`),
  ADD KEY `name_location_manager_contacts` (`name`,`address`(191),`contacts`(191),`manager`),
  ADD KEY `cover_lat_long` (`cover`,`lat`,`lon`),
  ADD KEY `rating` (`rating`),
  ADD KEY `rest_type` (`rest_type`);

--
-- Indexes for table `restaurant_images`
--
ALTER TABLE `restaurant_images`
  ADD PRIMARY KEY (`id`),
  ADD KEY `image_notes` (`image`,`notes`(191)),
  ADD KEY `FK__restaurant` (`restaurant_id`),
  ADD KEY `thedate` (`thedate`);

--
-- Indexes for table `restaurant_menu`
--
ALTER TABLE `restaurant_menu`
  ADD PRIMARY KEY (`id`),
  ADD KEY `FK_restaurant_menu_restaurant` (`restaurant_id`,`cover`),
  ADD KEY `price` (`price`),
  ADD KEY `cover` (`cover`),
  ADD KEY `name_ingredients` (`name`);

--
-- Indexes for table `restaurant_ratereview`
--
ALTER TABLE `restaurant_ratereview`
  ADD PRIMARY KEY (`id`),
  ADD KEY `review` (`review`(191)),
  ADD KEY `thedate` (`thedate`),
  ADD KEY `FK_recipe_ratereview_recipe` (`restaurant_id`),
  ADD KEY `FK_recipe_ratereview_users` (`user_id`),
  ADD KEY `rating` (`rating`,`favorite`);

--
-- Indexes for table `rest_menu_ingr`
--
ALTER TABLE `rest_menu_ingr`
  ADD PRIMARY KEY (`id`),
  ADD KEY `name` (`name`),
  ADD KEY `FK_rest_menu_ingr_restaurant_menu` (`rest_menu_id`);

--
-- Indexes for table `servingTypes`
--
ALTER TABLE `servingTypes`
  ADD PRIMARY KEY (`servingTypeID`),
  ADD KEY `SEARCH` (`type`,`dateCreated`);

--
-- Indexes for table `sharing`
--
ALTER TABLE `sharing`
  ADD PRIMARY KEY (`id`),
  ADD KEY `platform_share_link_source` (`platform`,`share_link`(191),`source`),
  ADD KEY `source_id` (`source_id`),
  ADD KEY `FK_sharing_users` (`user_id`);

--
-- Indexes for table `syslogs`
--
ALTER TABLE `syslogs`
  ADD PRIMARY KEY (`id`),
  ADD KEY `action_transaction_type_transaction_table_sqlstt` (`action`,`transaction_type`,`transaction_table`,`sqlstt`(191)),
  ADD KEY `transaction_tableid` (`transaction_tableid`),
  ADD KEY `thedate` (`thedate`),
  ADD KEY `FK_syslogs_users` (`user_id`);

--
-- Indexes for table `tags`
--
ALTER TABLE `tags`
  ADD PRIMARY KEY (`tagID`),
  ADD UNIQUE KEY `tags_tag_uindex` (`tag`),
  ADD KEY `tags_tagID_index` (`tagID`);

--
-- Indexes for table `userPrivateNotes`
--
ALTER TABLE `userPrivateNotes`
  ADD PRIMARY KEY (`userPrivateNoteID`),
  ADD UNIQUE KEY `comp_user_recipe_note` (`recipeID`,`userID`),
  ADD KEY `fk_user_user_private_note_idx` (`userID`),
  ADD KEY `fk_recipe_private_note_idx` (`recipeID`);

--
-- Indexes for table `users`
--
ALTER TABLE `users`
  ADD PRIMARY KEY (`id`),
  ADD UNIQUE KEY `email` (`email`),
  ADD KEY `names_phone_email_password` (`names`,`phone`,`email`,`password`),
  ADD KEY `thedate` (`thedate`),
  ADD KEY `company` (`company`),
  ADD KEY `cover` (`cover`),
  ADD KEY `logintype` (`logintype`);

--
-- Indexes for table `user_logins`
--
ALTER TABLE `user_logins`
  ADD PRIMARY KEY (`id`),
  ADD KEY `action` (`action`),
  ADD KEY `thedate` (`thedate`),
  ADD KEY `device_browser` (`device_browser`),
  ADD KEY `FK_users_userlogin` (`user_id`);

--
-- Indexes for table `user_profile`
--
ALTER TABLE `user_profile`
  ADD PRIMARY KEY (`id`),
  ADD UNIQUE KEY `userid` (`user_id`),
  ADD KEY `pikarank_likesrank_reviewrank_socialrank` (`pikarank`,`likesrank`,`reviewrank`,`socialrank`,`mealplanrank`);

--
-- Indexes for table `user_regdevice`
--
ALTER TABLE `user_regdevice`
  ADD PRIMARY KEY (`id`),
  ADD KEY `device_macadd_ip_regpath` (`device`,`macadd`,`ip`,`regpath`),
  ADD KEY `FK_user_regdevice_users` (`user_id`);

--
-- AUTO_INCREMENT for dumped tables
--

--
-- AUTO_INCREMENT for table `calendar`
--
ALTER TABLE `calendar`
  MODIFY `id` int(11) NOT NULL AUTO_INCREMENT;
--
-- AUTO_INCREMENT for table `goout`
--
ALTER TABLE `goout`
  MODIFY `id` int(11) NOT NULL AUTO_INCREMENT;
--
-- AUTO_INCREMENT for table `groceryList`
--
ALTER TABLE `groceryList`
  MODIFY `groceryListID` int(11) NOT NULL AUTO_INCREMENT, AUTO_INCREMENT=24;
--
-- AUTO_INCREMENT for table `groceryListItems`
--
ALTER TABLE `groceryListItems`
  MODIFY `groceryListItemID` int(11) NOT NULL AUTO_INCREMENT, AUTO_INCREMENT=14;
--
-- AUTO_INCREMENT for table `inventoryCategory`
--
ALTER TABLE `inventoryCategory`
  MODIFY `categoryID` int(11) NOT NULL AUTO_INCREMENT, AUTO_INCREMENT=7;
--
-- AUTO_INCREMENT for table `kitchenInventory`
--
ALTER TABLE `kitchenInventory`
  MODIFY `inventoryID` int(11) NOT NULL AUTO_INCREMENT, AUTO_INCREMENT=160;
--
-- AUTO_INCREMENT for table `l_equipment`
--
ALTER TABLE `l_equipment`
  MODIFY `id` int(11) NOT NULL AUTO_INCREMENT;
--
-- AUTO_INCREMENT for table `l_ingredients`
--
ALTER TABLE `l_ingredients`
  MODIFY `id` int(11) NOT NULL AUTO_INCREMENT, AUTO_INCREMENT=323;
--
-- AUTO_INCREMENT for table `mealplan`
--
ALTER TABLE `mealplan`
  MODIFY `id` int(11) NOT NULL AUTO_INCREMENT;
--
-- AUTO_INCREMENT for table `mealtype`
--
ALTER TABLE `mealtype`
  MODIFY `id` int(11) NOT NULL AUTO_INCREMENT;
--
-- AUTO_INCREMENT for table `recipe`
--
ALTER TABLE `recipe`
  MODIFY `id` int(11) NOT NULL AUTO_INCREMENT, AUTO_INCREMENT=44;
--
-- AUTO_INCREMENT for table `recipeTags`
--
ALTER TABLE `recipeTags`
  MODIFY `recipeTagID` int(11) NOT NULL AUTO_INCREMENT, AUTO_INCREMENT=155;
--
-- AUTO_INCREMENT for table `recipe_equip_used`
--
ALTER TABLE `recipe_equip_used`
  MODIFY `id` int(11) NOT NULL AUTO_INCREMENT;
--
-- AUTO_INCREMENT for table `recipe_flavors`
--
ALTER TABLE `recipe_flavors`
  MODIFY `id` int(11) NOT NULL AUTO_INCREMENT;
--
-- AUTO_INCREMENT for table `recipe_images`
--
ALTER TABLE `recipe_images`
  MODIFY `id` int(11) NOT NULL AUTO_INCREMENT;
--
-- AUTO_INCREMENT for table `recipe_ingredients`
--
ALTER TABLE `recipe_ingredients`
  MODIFY `id` int(11) NOT NULL AUTO_INCREMENT, AUTO_INCREMENT=304;
--
-- AUTO_INCREMENT for table `recipe_nutrition`
--
ALTER TABLE `recipe_nutrition`
  MODIFY `id` int(11) NOT NULL AUTO_INCREMENT;
--
-- AUTO_INCREMENT for table `recipe_ratereview`
--
ALTER TABLE `recipe_ratereview`
  MODIFY `id` int(11) NOT NULL AUTO_INCREMENT, AUTO_INCREMENT=32;
--
-- AUTO_INCREMENT for table `recipe_steps`
--
ALTER TABLE `recipe_steps`
  MODIFY `id` int(11) NOT NULL AUTO_INCREMENT, AUTO_INCREMENT=99;
--
-- AUTO_INCREMENT for table `restaurant`
--
ALTER TABLE `restaurant`
  MODIFY `id` int(11) NOT NULL AUTO_INCREMENT, AUTO_INCREMENT=3;
--
-- AUTO_INCREMENT for table `restaurant_images`
--
ALTER TABLE `restaurant_images`
  MODIFY `id` int(11) NOT NULL AUTO_INCREMENT;
--
-- AUTO_INCREMENT for table `restaurant_menu`
--
ALTER TABLE `restaurant_menu`
  MODIFY `id` int(11) NOT NULL AUTO_INCREMENT, AUTO_INCREMENT=2;
--
-- AUTO_INCREMENT for table `restaurant_ratereview`
--
ALTER TABLE `restaurant_ratereview`
  MODIFY `id` int(11) NOT NULL AUTO_INCREMENT;
--
-- AUTO_INCREMENT for table `rest_menu_ingr`
--
ALTER TABLE `rest_menu_ingr`
  MODIFY `id` int(11) NOT NULL AUTO_INCREMENT, AUTO_INCREMENT=3;
--
-- AUTO_INCREMENT for table `servingTypes`
--
ALTER TABLE `servingTypes`
  MODIFY `servingTypeID` int(11) NOT NULL AUTO_INCREMENT, AUTO_INCREMENT=13;
--
-- AUTO_INCREMENT for table `sharing`
--
ALTER TABLE `sharing`
  MODIFY `id` int(11) NOT NULL AUTO_INCREMENT;
--
-- AUTO_INCREMENT for table `syslogs`
--
ALTER TABLE `syslogs`
  MODIFY `id` int(11) NOT NULL AUTO_INCREMENT;
--
-- AUTO_INCREMENT for table `tags`
--
ALTER TABLE `tags`
  MODIFY `tagID` int(11) NOT NULL AUTO_INCREMENT, AUTO_INCREMENT=142;
--
-- AUTO_INCREMENT for table `userPrivateNotes`
--
ALTER TABLE `userPrivateNotes`
  MODIFY `userPrivateNoteID` int(11) NOT NULL AUTO_INCREMENT, AUTO_INCREMENT=6;
--
-- AUTO_INCREMENT for table `users`
--
ALTER TABLE `users`
  MODIFY `id` int(11) NOT NULL AUTO_INCREMENT, AUTO_INCREMENT=1692;
--
-- AUTO_INCREMENT for table `user_logins`
--
ALTER TABLE `user_logins`
  MODIFY `id` int(11) NOT NULL AUTO_INCREMENT;
--
-- AUTO_INCREMENT for table `user_regdevice`
--
ALTER TABLE `user_regdevice`
  MODIFY `id` int(11) NOT NULL AUTO_INCREMENT, AUTO_INCREMENT=3;
--
-- Constraints for dumped tables
--

--
-- Constraints for table `goout`
--
ALTER TABLE `goout`
  ADD CONSTRAINT `FK_goout_restaurant_menu` FOREIGN KEY (`menu_id`) REFERENCES `restaurant_menu` (`id`) ON DELETE NO ACTION ON UPDATE NO ACTION;

--
-- Constraints for table `groceryList`
--
ALTER TABLE `groceryList`
  ADD CONSTRAINT `fk_recipe_groceryList` FOREIGN KEY (`recipeID`) REFERENCES `recipe` (`id`) ON DELETE CASCADE ON UPDATE NO ACTION,
  ADD CONSTRAINT `fk_users_groceryList` FOREIGN KEY (`userID`) REFERENCES `users` (`id`) ON DELETE CASCADE ON UPDATE NO ACTION;

--
-- Constraints for table `groceryListItems`
--
ALTER TABLE `groceryListItems`
  ADD CONSTRAINT `fk_groceryListItems_ingredients` FOREIGN KEY (`ingredientID`) REFERENCES `l_ingredients` (`id`) ON DELETE NO ACTION ON UPDATE NO ACTION,
  ADD CONSTRAINT `fk_groceryList_groceryItems` FOREIGN KEY (`groceryListID`) REFERENCES `groceryList` (`groceryListID`) ON DELETE CASCADE ON UPDATE NO ACTION;

--
-- Constraints for table `kitchenInventory`
--
ALTER TABLE `kitchenInventory`
  ADD CONSTRAINT `fk_inventory_category` FOREIGN KEY (`categoryID`) REFERENCES `inventoryCategory` (`categoryID`) ON DELETE NO ACTION ON UPDATE NO ACTION,
  ADD CONSTRAINT `fk_inventory_user` FOREIGN KEY (`userID`) REFERENCES `users` (`id`) ON DELETE CASCADE ON UPDATE CASCADE;

--
-- Constraints for table `mealplan`
--
ALTER TABLE `mealplan`
  ADD CONSTRAINT `FK_mealplan_calendar` FOREIGN KEY (`calendar_id`) REFERENCES `calendar` (`id`) ON DELETE NO ACTION ON UPDATE NO ACTION,
  ADD CONSTRAINT `FK_mealplan_goout` FOREIGN KEY (`goout_id`) REFERENCES `goout` (`id`) ON DELETE NO ACTION ON UPDATE NO ACTION,
  ADD CONSTRAINT `FK_mealplan_mealtype` FOREIGN KEY (`mealtype_id`) REFERENCES `mealtype` (`id`) ON DELETE NO ACTION ON UPDATE NO ACTION,
  ADD CONSTRAINT `FK_mealplan_recipe` FOREIGN KEY (`recipe_id`) REFERENCES `recipe` (`id`) ON DELETE NO ACTION ON UPDATE NO ACTION,
  ADD CONSTRAINT `FK_mealplan_users` FOREIGN KEY (`user_id`) REFERENCES `users` (`id`) ON DELETE NO ACTION ON UPDATE NO ACTION;

--
-- Constraints for table `recipe`
--
ALTER TABLE `recipe`
  ADD CONSTRAINT `FK_recipe_users` FOREIGN KEY (`userid`) REFERENCES `users` (`id`) ON UPDATE NO ACTION,
  ADD CONSTRAINT `fk_recipe_servingType` FOREIGN KEY (`servingTypeID`) REFERENCES `servingTypes` (`servingTypeID`) ON DELETE CASCADE ON UPDATE CASCADE;

--
-- Constraints for table `recipeTags`
--
ALTER TABLE `recipeTags`
  ADD CONSTRAINT `fk_recipe_tags` FOREIGN KEY (`recipeID`) REFERENCES `recipe` (`id`) ON DELETE CASCADE ON UPDATE CASCADE,
  ADD CONSTRAINT `recipeTags_fk` FOREIGN KEY (`tagID`) REFERENCES `tags` (`tagID`) ON DELETE CASCADE ON UPDATE CASCADE;

--
-- Constraints for table `recipe_equip_used`
--
ALTER TABLE `recipe_equip_used`
  ADD CONSTRAINT `FK_recipe_equip_used_l_equipment` FOREIGN KEY (`equipement_id`) REFERENCES `l_equipment` (`id`) ON DELETE NO ACTION ON UPDATE NO ACTION,
  ADD CONSTRAINT `FK_recipe_equip_used_recipe` FOREIGN KEY (`recipie_id`) REFERENCES `recipe` (`id`) ON DELETE NO ACTION ON UPDATE NO ACTION;

--
-- Constraints for table `recipe_flavors`
--
ALTER TABLE `recipe_flavors`
  ADD CONSTRAINT `FK__recipe` FOREIGN KEY (`recipe_id`) REFERENCES `recipe` (`id`) ON DELETE NO ACTION ON UPDATE NO ACTION;

--
-- Constraints for table `recipe_images`
--
ALTER TABLE `recipe_images`
  ADD CONSTRAINT `FK_recipe_images_recipe` FOREIGN KEY (`recipe_id`) REFERENCES `recipe` (`id`) ON DELETE CASCADE ON UPDATE CASCADE;

--
-- Constraints for table `recipe_ingredients`
--
ALTER TABLE `recipe_ingredients`
  ADD CONSTRAINT `FK_recipe_ingredients_l_ingredients` FOREIGN KEY (`ingredient_id`) REFERENCES `l_ingredients` (`id`) ON DELETE CASCADE ON UPDATE CASCADE,
  ADD CONSTRAINT `FK_recipe_ingredients_recipe` FOREIGN KEY (`recipe_id`) REFERENCES `recipe` (`id`) ON DELETE CASCADE ON UPDATE CASCADE;

--
-- Constraints for table `recipe_nutrition`
--
ALTER TABLE `recipe_nutrition`
  ADD CONSTRAINT `FK_recipe_nutrition_recipe` FOREIGN KEY (`recipe_id`) REFERENCES `recipe` (`id`) ON DELETE NO ACTION ON UPDATE NO ACTION;

--
-- Constraints for table `recipe_ratereview`
--
ALTER TABLE `recipe_ratereview`
  ADD CONSTRAINT `FK_recipe_ratereview_recipe` FOREIGN KEY (`recipe_id`) REFERENCES `recipe` (`id`) ON DELETE CASCADE ON UPDATE CASCADE,
  ADD CONSTRAINT `FK_recipe_ratereview_users` FOREIGN KEY (`user_id`) REFERENCES `users` (`id`) ON DELETE CASCADE ON UPDATE CASCADE;

--
-- Constraints for table `recipe_steps`
--
ALTER TABLE `recipe_steps`
  ADD CONSTRAINT `FK_recipe_steps_recipe` FOREIGN KEY (`recipe_id`) REFERENCES `recipe` (`id`) ON DELETE CASCADE ON UPDATE CASCADE;

--
-- Constraints for table `restaurant_images`
--
ALTER TABLE `restaurant_images`
  ADD CONSTRAINT `FK__restaurant` FOREIGN KEY (`restaurant_id`) REFERENCES `restaurant` (`id`) ON DELETE NO ACTION ON UPDATE NO ACTION;

--
-- Constraints for table `restaurant_menu`
--
ALTER TABLE `restaurant_menu`
  ADD CONSTRAINT `FK_restaurant_menu_restaurant` FOREIGN KEY (`restaurant_id`) REFERENCES `restaurant` (`id`) ON UPDATE NO ACTION;

--
-- Constraints for table `restaurant_ratereview`
--
ALTER TABLE `restaurant_ratereview`
  ADD CONSTRAINT `FK_restaurant_ratereview_restaurant` FOREIGN KEY (`restaurant_id`) REFERENCES `restaurant` (`id`) ON DELETE NO ACTION ON UPDATE NO ACTION,
  ADD CONSTRAINT `restaurant_ratereview_ibfk_2` FOREIGN KEY (`user_id`) REFERENCES `users` (`id`) ON DELETE NO ACTION ON UPDATE NO ACTION;

--
-- Constraints for table `rest_menu_ingr`
--
ALTER TABLE `rest_menu_ingr`
  ADD CONSTRAINT `FK_rest_menu_ingr_restaurant_menu` FOREIGN KEY (`rest_menu_id`) REFERENCES `restaurant_menu` (`id`) ON DELETE CASCADE ON UPDATE CASCADE;

--
-- Constraints for table `sharing`
--
ALTER TABLE `sharing`
  ADD CONSTRAINT `FK_sharing_users` FOREIGN KEY (`user_id`) REFERENCES `users` (`id`) ON DELETE NO ACTION ON UPDATE NO ACTION;

--
-- Constraints for table `syslogs`
--
ALTER TABLE `syslogs`
  ADD CONSTRAINT `FK_syslogs_users` FOREIGN KEY (`user_id`) REFERENCES `users` (`id`) ON DELETE NO ACTION ON UPDATE NO ACTION;

--
-- Constraints for table `userPrivateNotes`
--
ALTER TABLE `userPrivateNotes`
  ADD CONSTRAINT `fk_recipe_private_note` FOREIGN KEY (`recipeID`) REFERENCES `recipe` (`id`) ON DELETE CASCADE ON UPDATE CASCADE,
  ADD CONSTRAINT `fk_user_user_private_note` FOREIGN KEY (`userID`) REFERENCES `users` (`id`) ON DELETE CASCADE ON UPDATE CASCADE;

--
-- Constraints for table `user_logins`
--
ALTER TABLE `user_logins`
  ADD CONSTRAINT `FK_users_userlogin` FOREIGN KEY (`user_id`) REFERENCES `users` (`id`) ON DELETE CASCADE ON UPDATE NO ACTION;

--
-- Constraints for table `user_profile`
--
ALTER TABLE `user_profile`
  ADD CONSTRAINT `FK__users` FOREIGN KEY (`user_id`) REFERENCES `users` (`id`) ON DELETE CASCADE;

--
-- Constraints for table `user_regdevice`
--
ALTER TABLE `user_regdevice`
  ADD CONSTRAINT `FK_user_regdevice_users` FOREIGN KEY (`user_id`) REFERENCES `users` (`id`) ON UPDATE NO ACTION;

/*!40101 SET CHARACTER_SET_CLIENT=@OLD_CHARACTER_SET_CLIENT */;
/*!40101 SET CHARACTER_SET_RESULTS=@OLD_CHARACTER_SET_RESULTS */;
/*!40101 SET COLLATION_CONNECTION=@OLD_COLLATION_CONNECTION */;
